,source,native,name,p_value,significant,description,term_size,query_size,intersection_size,effective_domain_size,precision,recall,query,parents,Query
0,GO:MF,GO:0032399,HECT domain binding,3.4514798156371924e-06,True,"""Binding to a HECT, 'Homologous to the E6-AP Carboxy-Terminus', domain of a protein."" [GOC:mah, Pfam:PF00632]",3,41,3,20166,0.07317073170731707,1.0,query_1,['GO:0019904'],GlyCCC
1,GO:BP,GO:0007417,central nervous system development,0.023056876695188293,True,"""The process whose specific outcome is the progression of the central nervous system over time, from its formation to the mature structure. The central nervous system is the core nervous system that serves an integrating and coordinating function. In vertebrates it consists of the brain and spinal cord. In those invertebrates with a central nervous system it typically consists of a brain, cerebral ganglia and a nerve cord."" [GOC:bf, GOC:jid, ISBN:0582227089]",1065,38,10,21092,0.2631578947368421,0.009389671361502348,query_1,"['GO:0007399', 'GO:0048731']",GlyCCC
2,KEGG,KEGG:04360,Axon guidance,0.03445827576077485,True,Axon guidance,181,18,4,8064,0.2222222222222222,0.022099447513812154,query_1,['KEGG:00000'],GlyCCC
3,GO:MF,GO:0003925,G protein activity,0.03749856646293991,True,"""A molecular function regulator that cycles between active GTP-bound and inactive GDP-bound states. In its active state, binds to a variety of effector proteins to regulate cellular processes. Intrinsic GTPase activity returns the G protein to its GDP-bound state. The return to the GDP-bound state can be accelerated by the action of a GTPase-activating protein (GAP)."" [PMID:16923326, PMID:24470015]",42,41,3,20166,0.07317073170731707,0.07142857142857142,query_1,"['GO:0003924', 'GO:0098772']",GlyCCC
0,TF,TF:M11375_1,Factor: Spi-B; motif: NAWGCGGAAGTN; match class: 1,0.005156677795554804,True,Factor: Spi-B; motif: NAWGCGGAAGTN; match class: 1,241,4,3,19943,0.75,0.012448132780082987,query_1,['TF:M11375'],LysTTT
1,REAC,REAC:R-HSA-9636569,Suppression of autophagy,0.024959048441263246,True,Suppression of autophagy,2,1,1,10461,1.0,0.5,query_1,['REAC:R-HSA-9637690'],LysTTT
2,GO:CC,GO:0032419,extrinsic component of lysosome membrane,0.02728058904247851,True,"""The component of an lysosome membrane consisting of gene products and protein complexes that are loosely bound to one of its surfaces, but not integrated into the hydrophobic region."" [GOC:dos, GOC:mah]",1,4,1,21690,0.25,1.0,query_1,"['GO:0000306', 'GO:0005765']",LysTTT
104,GO:BP,GO:0031323,regulation of cellular metabolic process,9.835306297059938e-08,True,"""Any process that modulates the frequency, rate or extent of the chemical reactions and pathways by which individual cells transform chemical substances."" [GOC:mah]",5649,412,171,21092,0.41504854368932037,0.03027084439723845,query_1,"['GO:0019222', 'GO:0044237', 'GO:0050794']",ThrAGT
117,GO:BP,GO:0009058,biosynthetic process,2.5903424281746217e-07,True,"""The chemical reactions and pathways resulting in the formation of substances; typically the energy-requiring part of metabolism in which simpler substances are transformed into more complex ones."" [GOC:curators, ISBN:0198547684]",5941,412,176,21092,0.42718446601941745,0.0296246423161084,query_1,['GO:0008152'],ThrAGT
118,GO:BP,GO:1901576,organic substance biosynthetic process,2.7584233470738623e-07,True,"""The chemical reactions and pathways resulting in the formation of an organic substance, any molecular entity containing carbon."" [GOC:pr, GOC:TermGenie]",5854,412,174,21092,0.4223300970873786,0.029723266142808336,query_1,"['GO:0009058', 'GO:0071704']",ThrAGT
120,GO:BP,GO:0009059,macromolecule biosynthetic process,3.7030347734031506e-07,True,"""The chemical reactions and pathways resulting in the formation of a macromolecule, any molecule of high relative molecular mass, the structure of which essentially comprises the multiple repetition of units derived, actually or conceptually, from molecules of low relative molecular mass."" [GOC:mah]",4801,412,150,21092,0.3640776699029126,0.03124349093938763,query_1,"['GO:0043170', 'GO:1901576']",ThrAGT
133,GO:BP,GO:0080090,regulation of primary metabolic process,1.2742808306830342e-06,True,"""Any process that modulates the frequency, rate or extent of the chemical reactions and pathways within a cell or an organism involving those compounds formed as a part of the normal anabolic and catabolic processes. These processes take place in most, if not all, cells of the organism."" [PMID:19211694]",5869,412,172,21092,0.4174757281553398,0.029306525813596863,query_1,"['GO:0019222', 'GO:0044238']",ThrAGT
135,GO:BP,GO:0044249,cellular biosynthetic process,1.3552337092169388e-06,True,"""The chemical reactions and pathways resulting in the formation of substances, carried out by individual cells."" [GOC:jl]",5782,412,170,21092,0.41262135922330095,0.02940159114493255,query_1,"['GO:0009058', 'GO:0044237']",ThrAGT
137,GO:BP,GO:0051171,regulation of nitrogen compound metabolic process,1.678927909857807e-06,True,"""Any process that modulates the frequency, rate or extent of the chemical reactions and pathways involving nitrogen or nitrogenous compounds."" [GOC:ai, GOC:tb]",5706,412,168,21092,0.4077669902912621,0.029442691903259727,query_1,"['GO:0006807', 'GO:0019222']",ThrAGT
143,GO:MF,GO:0005515,protein binding,3.2007411425481193e-06,True,"""Binding to a protein."" [GOC:go_curators]",14832,428,364,20166,0.8504672897196262,0.02454153182308522,query_1,['GO:0005488'],ThrAGT
145,GO:BP,GO:0019222,regulation of metabolic process,4.7921822158081906e-06,True,"""Any process that modulates the frequency, rate or extent of the chemical reactions and pathways within a cell or an organism."" [GOC:go_curators]",7377,412,202,21092,0.49029126213592233,0.027382404771587366,query_1,"['GO:0008152', 'GO:0050789']",ThrAGT
146,GO:BP,GO:0050794,regulation of cellular process,4.8857857043525695e-06,True,"""Any process that modulates the frequency, rate or extent of a cellular process, any of those that are carried out at the cellular level, but are not necessarily restricted to a single cell. For example, cell communication occurs among more than one cell, but occurs at the cellular level."" [GOC:go_curators]",11130,412,276,21092,0.6699029126213593,0.024797843665768194,query_1,"['GO:0009987', 'GO:0050789']",ThrAGT
148,GO:BP,GO:0019219,regulation of nucleobase-containing compound metabolic process,8.106264783192659e-06,True,"""Any cellular process that modulates the frequency, rate or extent of the chemical reactions and pathways involving nucleobases, nucleosides, nucleotides and nucleic acids."" [GOC:go_curators]",4088,412,129,21092,0.3131067961165049,0.03155577299412916,query_1,"['GO:0006139', 'GO:0031323', 'GO:0051171', 'GO:0080090']",ThrAGT
151,HPA,HPA:0480051,small intestine; glandular cells[≥Low],1.1152237949280304e-05,True,small intestine; glandular cells[≥Low],7045,277,219,10976,0.7906137184115524,0.031085876508161817,query_1,['HPA:0480000'],ThrAGT
152,HPA,HPA:0600431,tonsil; germinal center cells[≥Low],1.1326855076786344e-05,True,tonsil; germinal center cells[≥Low],5954,277,194,10976,0.7003610108303249,0.03258313738663084,query_1,['HPA:0600000'],ThrAGT
153,GO:BP,GO:0044271,cellular nitrogen compound biosynthetic process,1.1505107881765076e-05,True,"""The chemical reactions and pathways resulting in the formation of organic and inorganic nitrogenous compounds."" [GOC:jl, ISBN:0198506732]",4853,412,146,21092,0.35436893203883496,0.030084483824438492,query_1,"['GO:0034641', 'GO:0044249']",ThrAGT
158,GO:CC,GO:0005654,nucleoplasm,1.5638913843136385e-05,True,"""That part of the nuclear content other than the chromosomes or the nucleolus."" [GOC:ma, ISBN:0124325653]",4215,435,131,21690,0.30114942528735633,0.03107947805456702,query_1,"['GO:0031981', 'GO:0110165']",ThrAGT
163,HPA,HPA:0500701,soft tissue 1; peripheral nerve[≥Low],2.167931947598817e-05,True,soft tissue 1; peripheral nerve[≥Low],2782,277,110,10976,0.3971119133574007,0.039539899352983465,query_1,['HPA:0500000'],ThrAGT
164,HPA,HPA:0460672,skin 1; melanocytes[≥Medium],2.685662335468896e-05,True,skin 1; melanocytes[≥Medium],3685,277,135,10976,0.48736462093862815,0.036635006784260515,query_1,['HPA:0460671'],ThrAGT
171,HPA,HPA:0310000,lymph node,3.5156182008339e-05,True,lymph node,6493,277,205,10976,0.740072202166065,0.031572462652086866,query_1,['HPA:0000000'],ThrAGT
173,HPA,HPA:0150051,duodenum; glandular cells[≥Low],3.863938000916679e-05,True,duodenum; glandular cells[≥Low],7074,277,218,10976,0.7870036101083032,0.030817076618603337,query_1,['HPA:0150000'],ThrAGT
176,HPA,HPA:0310431,lymph node; germinal center cells[≥Low],5.6273597358960794e-05,True,lymph node; germinal center cells[≥Low],5029,277,169,10976,0.6101083032490975,0.033605090475243585,query_1,['HPA:0310000'],ThrAGT
180,HPA,HPA:0460671,skin 1; melanocytes[≥Low],6.28614993126087e-05,True,skin 1; melanocytes[≥Low],5276,277,175,10976,0.631768953068592,0.03316906747536012,query_1,['HPA:0460000'],ThrAGT
181,HPA,HPA:0310441,lymph node; non-germinal center cells[≥Low],7.398914575241842e-05,True,lymph node; non-germinal center cells[≥Low],6027,277,193,10976,0.6967509025270758,0.032022565123610416,query_1,['HPA:0310000'],ThrAGT
182,GO:BP,GO:0060255,regulation of macromolecule metabolic process,7.962804321514831e-05,True,"""Any process that modulates the frequency, rate or extent of the chemical reactions and pathways involving macromolecules, any molecule of high relative molecular mass, the structure of which essentially comprises the multiple repetition of units derived, actually or conceptually, from molecules of low relative molecular mass."" [GOC:dph, GOC:tb]",6842,412,186,21092,0.45145631067961167,0.027185033615901782,query_1,"['GO:0019222', 'GO:0043170']",ThrAGT
188,HPA,HPA:0160051,endometrium 1; glandular cells[≥Low],0.00010357183555847925,True,endometrium 1; glandular cells[≥Low],6779,277,210,10976,0.7581227436823105,0.030978020356984805,query_1,['HPA:0160000'],ThrAGT
192,HPA,HPA:0600000,tonsil,0.00013928129772201175,True,tonsil,7752,277,231,10976,0.8339350180505415,0.02979876160990712,query_1,['HPA:0000000'],ThrAGT
197,HPA,HPA:0270351,kidney; cells in glomeruli[≥Low],0.0001588236662472787,True,kidney; cells in glomeruli[≥Low],5134,277,170,10976,0.6137184115523465,0.033112582781456956,query_1,['HPA:0270000'],ThrAGT
198,HPA,HPA:0400051,rectum; glandular cells[≥Low],0.00016734952860600257,True,rectum; glandular cells[≥Low],7031,277,215,10976,0.776173285198556,0.030578865026312047,query_1,['HPA:0400000'],ThrAGT
199,GO:BP,GO:0051252,regulation of RNA metabolic process,0.0001708454760983945,True,"""Any process that modulates the frequency, rate or extent of the chemical reactions and pathways involving RNA."" [GOC:ai]",3775,412,117,21092,0.28398058252427183,0.030993377483443708,query_1,"['GO:0016070', 'GO:0019219', 'GO:0060255']",ThrAGT
200,GO:BP,GO:0010556,regulation of macromolecule biosynthetic process,0.00018058938876374222,True,"""Any process that modulates the rate, frequency or extent of the chemical reactions and pathways resulting in the formation of a macromolecule, any molecule of high relative molecular mass, the structure of which essentially comprises the multiple repetition of units derived, actually or conceptually, from molecules of low relative molecular mass."" [GOC:dph, GOC:tb]",3951,412,121,21092,0.2936893203883495,0.030625158187800556,query_1,"['GO:0009059', 'GO:0009889', 'GO:0060255']",ThrAGT
201,HPA,HPA:0590051,thyroid gland; glandular cells[≥Low],0.00022605106865257858,True,thyroid gland; glandular cells[≥Low],7095,277,216,10976,0.779783393501805,0.03044397463002114,query_1,['HPA:0590000'],ThrAGT
202,HPA,HPA:0590000,thyroid gland,0.00022605106865257858,True,thyroid gland,7095,277,216,10976,0.779783393501805,0.03044397463002114,query_1,['HPA:0000000'],ThrAGT
203,HPA,HPA:0130051,colon; glandular cells[≥Low],0.00022768173983623468,True,colon; glandular cells[≥Low],6962,277,213,10976,0.7689530685920578,0.030594656707842574,query_1,['HPA:0130000'],ThrAGT
206,HPA,HPA:0020051,adrenal gland; glandular cells[≥Low],0.00027404884248328224,True,adrenal gland; glandular cells[≥Low],7378,277,222,10976,0.8014440433212996,0.030089455136893466,query_1,['HPA:0020000'],ThrAGT
209,GO:BP,GO:0031326,regulation of cellular biosynthetic process,0.00028651956372883217,True,"""Any process that modulates the frequency, rate or extent of the chemical reactions and pathways resulting in the formation of substances, carried out by individual cells."" [GOC:mah]",4114,412,124,21092,0.30097087378640774,0.030140982012639768,query_1,"['GO:0009889', 'GO:0031323', 'GO:0044249']",ThrAGT
211,HPA,HPA:0130241,colon; peripheral nerve/ganglion[≥Low],0.00030432798178650834,True,colon; peripheral nerve/ganglion[≥Low],5017,277,166,10976,0.5992779783393501,0.0330875024915288,query_1,['HPA:0130000'],ThrAGT
212,HPA,HPA:0020000,adrenal gland,0.00030546665808023945,True,adrenal gland,7385,277,222,10976,0.8014440433212996,0.03006093432633717,query_1,['HPA:0000000'],ThrAGT
213,HPA,HPA:0460641,skin 1; Langerhans[≥Low],0.0003186934359470698,True,skin 1; Langerhans[≥Low],3941,277,138,10976,0.4981949458483754,0.03501649327581832,query_1,['HPA:0460000'],ThrAGT
214,GO:BP,GO:0018130,heterocycle biosynthetic process,0.0003200114002891623,True,"""The chemical reactions and pathways resulting in the formation of heterocyclic compounds, those with a cyclic molecular structure and at least two different atoms in the ring (or rings)."" [ISBN:0198547684]",4122,412,124,21092,0.30097087378640774,0.030082484230955848,query_1,"['GO:0044249', 'GO:0046483']",ThrAGT
216,GO:BP,GO:0009889,regulation of biosynthetic process,0.00036350103376069423,True,"""Any process that modulates the frequency, rate or extent of the chemical reactions and pathways resulting in the formation of substances."" [GOC:go_curators]",4175,412,125,21092,0.30339805825242716,0.029940119760479042,query_1,"['GO:0009058', 'GO:0019222']",ThrAGT
217,HPA,HPA:0270362,kidney; cells in tubules[≥Medium],0.0003705961892294756,True,kidney; cells in tubules[≥Medium],5840,277,186,10976,0.6714801444043321,0.03184931506849315,query_1,['HPA:0270361'],ThrAGT
218,HPA,HPA:0130202,colon; endothelial cells[≥Medium],0.00038961421943158243,True,colon; endothelial cells[≥Medium],3693,277,131,10976,0.4729241877256318,0.035472515569997295,query_1,['HPA:0130201'],ThrAGT
220,HPA,HPA:0350472,pancreas; exocrine glandular cells[≥Medium],0.00040923601329554126,True,pancreas; exocrine glandular cells[≥Medium],5276,277,172,10976,0.6209386281588448,0.032600454890068235,query_1,['HPA:0350471'],ThrAGT
221,HPA,HPA:0130201,colon; endothelial cells[≥Low],0.0004615723800723399,True,colon; endothelial cells[≥Low],5649,277,181,10976,0.6534296028880866,0.032041069215790405,query_1,['HPA:0130000'],ThrAGT
222,HPA,HPA:0540052,stomach 1; glandular cells[≥Medium],0.0004846044899402327,True,stomach 1; glandular cells[≥Medium],6319,277,197,10976,0.7111913357400722,0.031175818958695995,query_1,['HPA:0540051'],ThrAGT
225,HPA,HPA:0160000,endometrium 1,0.0005241481649612187,True,endometrium 1,7017,277,213,10976,0.7689530685920578,0.030354852501068834,query_1,['HPA:0000000'],ThrAGT
226,HPA,HPA:0500000,soft tissue 1,0.0005575234111767743,True,soft tissue 1,5337,277,173,10976,0.6245487364620939,0.03241521454000375,query_1,['HPA:0000000'],ThrAGT
227,HPA,HPA:0030071,appendix; lymphoid tissue[≥Low],0.0005652922112926708,True,appendix; lymphoid tissue[≥Low],4704,277,157,10976,0.5667870036101083,0.03337585034013606,query_1,['HPA:0030000'],ThrAGT
228,HPA,HPA:0030051,appendix; glandular cells[≥Low],0.0005690139692459123,True,appendix; glandular cells[≥Low],6716,277,206,10976,0.7436823104693141,0.030673019654556283,query_1,['HPA:0030000'],ThrAGT
229,HPA,HPA:0510000,soft tissue 2,0.0005692324393411095,True,soft tissue 2,5178,277,169,10976,0.6101083032490975,0.032638084202394745,query_1,['HPA:0000000'],ThrAGT
231,HPA,HPA:0460651,skin 1; fibroblasts[≥Low],0.0006093585516224993,True,skin 1; fibroblasts[≥Low],4057,277,140,10976,0.5054151624548736,0.03450825733300468,query_1,['HPA:0460000'],ThrAGT
232,HPA,HPA:0600441,tonsil; non-germinal center cells[≥Low],0.0006113372336730803,True,tonsil; non-germinal center cells[≥Low],6082,277,191,10976,0.6895306859205776,0.031404143373890164,query_1,['HPA:0600000'],ThrAGT
234,GO:BP,GO:0019438,aromatic compound biosynthetic process,0.0006732806674164429,True,"""The chemical reactions and pathways resulting in the formation of aromatic compounds, any substance containing an aromatic carbon ring."" [GOC:ai]",4133,412,123,21092,0.29854368932038833,0.029760464553593033,query_1,"['GO:0006725', 'GO:0044249']",ThrAGT
235,GO:BP,GO:0034654,nucleobase-containing compound biosynthetic process,0.0007058650195175327,True,"""The chemical reactions and pathways resulting in the formation of nucleobases, nucleosides, nucleotides and nucleic acids."" [GOC:mah]",4049,412,121,21092,0.2936893203883495,0.029883921956038527,query_1,"['GO:0006139', 'GO:0018130', 'GO:0019438', 'GO:0044271', 'GO:1901362']",ThrAGT
237,HPA,HPA:0550051,stomach 2; glandular cells[≥Low],0.0007307411978819051,True,stomach 2; glandular cells[≥Low],7579,277,225,10976,0.8122743682310469,0.029687293838237233,query_1,['HPA:0550000'],ThrAGT
238,HPA,HPA:0550000,stomach 2,0.0007307411978819051,True,stomach 2,7579,277,225,10976,0.8122743682310469,0.029687293838237233,query_1,['HPA:0000000'],ThrAGT
241,HPA,HPA:0540000,stomach 1,0.0007659501807902797,True,stomach 1,7628,277,226,10976,0.8158844765342961,0.02962768746722601,query_1,['HPA:0000000'],ThrAGT
242,HPA,HPA:0540051,stomach 1; glandular cells[≥Low],0.0007659501807902797,True,stomach 1; glandular cells[≥Low],7628,277,226,10976,0.8158844765342961,0.02962768746722601,query_1,['HPA:0540000'],ThrAGT
245,GO:BP,GO:0010468,regulation of gene expression,0.0007944373351983095,True,"""Any process that modulates the frequency, rate or extent of gene expression. Gene expression is the process in which a gene's coding sequence is converted into a mature gene product (protein or RNA)."" [GOC:txnOH-2018]",5494,412,153,21092,0.3713592233009709,0.02784856206771023,query_1,"['GO:0010467', 'GO:0060255']",ThrAGT
246,GO:BP,GO:1901362,organic cyclic compound biosynthetic process,0.0008220380900150682,True,"""The chemical reactions and pathways resulting in the formation of organic cyclic compound."" [GOC:TermGenie]",4280,412,126,21092,0.3058252427184466,0.029439252336448597,query_1,"['GO:1901360', 'GO:1901576']",ThrAGT
247,HPA,HPA:0270361,kidney; cells in tubules[≥Low],0.0008294324417512453,True,kidney; cells in tubules[≥Low],7048,277,213,10976,0.7689530685920578,0.030221339387060158,query_1,['HPA:0270000'],ThrAGT
250,GO:BP,GO:0006351,DNA-templated transcription,0.0009611040080366514,True,"""The synthesis of an RNA transcript from a DNA template."" [GOC:jl, GOC:txnOH]",3595,412,110,21092,0.2669902912621359,0.030598052851182198,query_1,['GO:0097659'],ThrAGT
251,GO:BP,GO:0097659,nucleic acid-templated transcription,0.000974708303260339,True,"""The synthesis of an RNA transcript from a nucleic acid template (DNA or RNA)."" [GOC:pr, GOC:txnOH, GOC:vw]",3596,412,110,21092,0.2669902912621359,0.030589543937708564,query_1,"['GO:0010467', 'GO:0032774']",ThrAGT
252,HPA,HPA:0600221,tonsil; squamous epithelial cells[≥Low],0.0009844913532241993,True,tonsil; squamous epithelial cells[≥Low],6624,277,203,10976,0.7328519855595668,0.030646135265700484,query_1,['HPA:0600000'],ThrAGT
254,HPA,HPA:0400052,rectum; glandular cells[≥Medium],0.0010401468601531952,True,rectum; glandular cells[≥Medium],6077,277,190,10976,0.6859205776173285,0.03126542701991114,query_1,['HPA:0400051'],ThrAGT
256,GO:BP,GO:0006355,regulation of DNA-templated transcription,0.0010680038513463926,True,"""Any process that modulates the frequency, rate or extent of cellular DNA-templated transcription."" [GOC:go_curators, GOC:txnOH]",3474,412,107,21092,0.25970873786407767,0.030800230282095567,query_1,"['GO:0006351', 'GO:0010468', 'GO:1903506']",ThrAGT
257,GO:BP,GO:1903506,regulation of nucleic acid-templated transcription,0.0010832978969399082,True,"""Any process that modulates the frequency, rate or extent of nucleic acid-templated transcription."" [GO_REF:0000058, GOC:pr, GOC:TermGenie, GOC:txnOH, GOC:vw]",3475,412,107,21092,0.25970873786407767,0.03079136690647482,query_1,"['GO:0097659', 'GO:2001141']",ThrAGT
258,HPA,HPA:0020053,adrenal gland; glandular cells[High],0.0010910327527050862,True,adrenal gland; glandular cells[High],2265,277,89,10976,0.3212996389891697,0.039293598233995586,query_1,['HPA:0020052'],ThrAGT
260,HPA,HPA:0630000,cervix,0.0011865451712940707,True,cervix,6897,277,209,10976,0.7545126353790613,0.030303030303030304,query_1,['HPA:0000000'],ThrAGT
261,HPA,HPA:0480000,small intestine,0.001205687730348501,True,small intestine,7843,277,230,10976,0.8303249097472925,0.02932551319648094,query_1,['HPA:0000000'],ThrAGT
262,GO:BP,GO:2001141,regulation of RNA biosynthetic process,0.0012306358909444184,True,"""Any process that modulates the frequency, rate or extent of RNA biosynthetic process."" [GOC:dph]",3484,412,107,21092,0.25970873786407767,0.03071182548794489,query_1,"['GO:0010556', 'GO:0031326', 'GO:0032774', 'GO:0051252']",ThrAGT
264,GO:BP,GO:0032774,RNA biosynthetic process,0.0012707712188954532,True,"""The chemical reactions and pathways resulting in the formation of RNA, ribonucleic acid, one of the two main type of nucleic acid, consisting of a long, unbranched macromolecule formed from ribonucleotides joined in 3',5'-phosphodiester linkage. Includes polymerization of ribonucleotide monomers. Refers not only to transcription but also to e.g. viral RNA replication."" [GOC:mah, GOC:txnOH]",3615,412,110,21092,0.2669902912621359,0.030428769017980636,query_1,"['GO:0009059', 'GO:0016070', 'GO:0034654']",ThrAGT
266,HPA,HPA:0620221,vagina; squamous epithelial cells[≥Low],0.001398308188989099,True,vagina; squamous epithelial cells[≥Low],5973,277,187,10976,0.6750902527075813,0.03130755064456722,query_1,['HPA:0620000'],ThrAGT
267,HPA,HPA:0620000,vagina,0.001398308188989099,True,vagina,5973,277,187,10976,0.6750902527075813,0.03130755064456722,query_1,['HPA:0000000'],ThrAGT
272,HPA,HPA:0170251,endometrium 2; cells in endometrial stroma[≥Low],0.0016781415525487814,True,endometrium 2; cells in endometrial stroma[≥Low],3490,277,123,10976,0.44404332129963897,0.03524355300859599,query_1,['HPA:0170000'],ThrAGT
273,HPA,HPA:0150000,duodenum,0.0017013393414776136,True,duodenum,7866,277,230,10976,0.8303249097472925,0.029239766081871343,query_1,['HPA:0000000'],ThrAGT
274,HPA,HPA:0510652,soft tissue 2; fibroblasts[≥Medium],0.0017601595658820182,True,soft tissue 2; fibroblasts[≥Medium],2600,277,98,10976,0.35379061371841153,0.03769230769230769,query_1,['HPA:0510651'],ThrAGT
275,HPA,HPA:0480052,small intestine; glandular cells[≥Medium],0.0018628445987672472,True,small intestine; glandular cells[≥Medium],6035,277,188,10976,0.6787003610108303,0.031151615575807787,query_1,['HPA:0480051'],ThrAGT
276,HPA,HPA:0050000,breast,0.001967814958589403,True,breast,7152,277,214,10976,0.7725631768953068,0.029921700223713647,query_1,['HPA:0000000'],ThrAGT
277,HPA,HPA:0300412,lung; macrophages[≥Medium],0.002066472323996534,True,lung; macrophages[≥Medium],4871,277,159,10976,0.5740072202166066,0.0326421679326627,query_1,['HPA:0300411'],ThrAGT
279,HPA,HPA:0460652,skin 1; fibroblasts[≥Medium],0.0022284926820395085,True,skin 1; fibroblasts[≥Medium],2824,277,104,10976,0.37545126353790614,0.036827195467422094,query_1,['HPA:0460651'],ThrAGT
280,HPA,HPA:0010011,adipose tissue; adipocytes[≥Low],0.0022780625491538734,True,adipose tissue; adipocytes[≥Low],3918,277,134,10976,0.48375451263537905,0.034201123021949976,query_1,['HPA:0010000'],ThrAGT
281,HPA,HPA:0010000,adipose tissue,0.0022780625491538734,True,adipose tissue,3918,277,134,10976,0.48375451263537905,0.034201123021949976,query_1,['HPA:0000000'],ThrAGT
282,HPA,HPA:0030072,appendix; lymphoid tissue[≥Medium],0.002425411946110161,True,appendix; lymphoid tissue[≥Medium],2971,277,108,10976,0.3898916967509025,0.03635139683608213,query_1,['HPA:0030071'],ThrAGT
283,HPA,HPA:0090181,cerebellum; cells in granular layer[≥Low],0.0024396276677103785,True,cerebellum; cells in granular layer[≥Low],4532,277,150,10976,0.5415162454873647,0.03309796999117388,query_1,['HPA:0090000'],ThrAGT
284,HPA,HPA:0460642,skin 1; Langerhans[≥Medium],0.002442593391452661,True,skin 1; Langerhans[≥Medium],2619,277,98,10976,0.35379061371841153,0.037418862161130204,query_1,['HPA:0460641'],ThrAGT
290,HPA,HPA:0430051,seminal vesicle; glandular cells[≥Low],0.003289967822188479,True,seminal vesicle; glandular cells[≥Low],6796,277,205,10976,0.740072202166065,0.030164802825191288,query_1,['HPA:0430000'],ThrAGT
291,HPA,HPA:0430000,seminal vesicle,0.003289967822188479,True,seminal vesicle,6796,277,205,10976,0.740072202166065,0.030164802825191288,query_1,['HPA:0000000'],ThrAGT
296,HPA,HPA:0550052,stomach 2; glandular cells[≥Medium],0.0036990623266152283,True,stomach 2; glandular cells[≥Medium],6252,277,192,10976,0.6931407942238267,0.030710172744721688,query_1,['HPA:0550051'],ThrAGT
297,HPA,HPA:0270000,kidney,0.0037224791308303764,True,kidney,8200,277,236,10976,0.851985559566787,0.02878048780487805,query_1,['HPA:0000000'],ThrAGT
299,HPA,HPA:0330222,oral mucosa; squamous epithelial cells[≥Medium],0.004051894048954936,True,oral mucosa; squamous epithelial cells[≥Medium],4337,277,144,10976,0.51985559566787,0.03320267465990316,query_1,['HPA:0330221'],ThrAGT
300,HPA,HPA:0290000,liver,0.004586116845867762,True,liver,6268,277,192,10976,0.6931407942238267,0.03063178047223995,query_1,['HPA:0000000'],ThrAGT
301,HPA,HPA:0590052,thyroid gland; glandular cells[≥Medium],0.004614043957465285,True,thyroid gland; glandular cells[≥Medium],5568,277,175,10976,0.631768953068592,0.03142959770114943,query_1,['HPA:0590051'],ThrAGT
302,KEGG,KEGG:05168,Herpes simplex virus 1 infection,0.0047462710532688,True,Herpes simplex virus 1 infection,491,206,28,8064,0.13592233009708737,0.05702647657841141,query_1,['KEGG:00000'],ThrAGT
303,GO:BP,GO:0065007,biological regulation,0.0048630081761522,True,"""Any process that modulates a measurable attribute of any biological process, quality or function."" [GOC:dph, GOC:isa_complete, GOC:mah, GOC:pr, GOC:vw]",13096,412,300,21092,0.7281553398058253,0.022907758094074526,query_1,['GO:0008150'],ThrAGT
304,HPA,HPA:0420000,salivary gland,0.0049353060147766924,True,salivary gland,6869,277,206,10976,0.7436823104693141,0.029989809288105983,query_1,['HPA:0000000'],ThrAGT
305,HPA,HPA:0420051,salivary gland; glandular cells[≥Low],0.0049353060147766924,True,salivary gland; glandular cells[≥Low],6869,277,206,10976,0.7436823104693141,0.029989809288105983,query_1,['HPA:0420000'],ThrAGT
306,HPA,HPA:0170000,endometrium 2,0.005495827057457707,True,endometrium 2,6877,277,206,10976,0.7436823104693141,0.029954922204449615,query_1,['HPA:0000000'],ThrAGT
308,GO:BP,GO:0006378,mRNA polyadenylation,0.005621548583982088,True,"""The enzymatic addition of a sequence of 40-200 adenylyl residues at the 3' end of a eukaryotic mRNA primary transcript."" [ISBN:0198506732]",46,412,8,21092,0.019417475728155338,0.17391304347826086,query_1,"['GO:0031124', 'GO:0043631']",ThrAGT
309,HPA,HPA:0220052,gallbladder; glandular cells[≥Medium],0.005716818072228804,True,gallbladder; glandular cells[≥Medium],6580,277,199,10976,0.7184115523465704,0.030243161094224924,query_1,['HPA:0220051'],ThrAGT
311,TF,TF:M03924,Factor: YY1; motif: NNCGCCATTNN,0.0060330108549599025,True,Factor: YY1; motif: NNCGCCATTNN,10229,456,283,19943,0.6206140350877193,0.0276664385570437,query_1,['TF:M00000'],ThrAGT
317,HPA,HPA:0310432,lymph node; germinal center cells[≥Medium],0.00626182403708618,True,lymph node; germinal center cells[≥Medium],3284,277,115,10976,0.4151624548736462,0.03501827040194884,query_1,['HPA:0310431'],ThrAGT
320,GO:BP,GO:0043631,RNA polyadenylation,0.006660114760190306,True,"""The enzymatic addition of a sequence of adenylyl residues at the 3' end of an RNA molecule."" [GOC:jl]",47,412,8,21092,0.019417475728155338,0.1702127659574468,query_1,['GO:0016070'],ThrAGT
321,HPA,HPA:0090162,cerebellum; Purkinje cells[≥Medium],0.00695919628984825,True,cerebellum; Purkinje cells[≥Medium],4109,277,137,10976,0.49458483754512633,0.0333414456072037,query_1,['HPA:0090161'],ThrAGT
323,HPA,HPA:0340461,ovary; ovarian stroma cells[≥Low],0.007689053275269494,True,ovary; ovarian stroma cells[≥Low],3965,277,133,10976,0.48014440433212996,0.033543505674653216,query_1,['HPA:0340000'],ThrAGT
325,HPA,HPA:0090163,cerebellum; Purkinje cells[High],0.008035101333062972,True,cerebellum; Purkinje cells[High],1542,277,64,10976,0.23104693140794225,0.041504539559014265,query_1,['HPA:0090162'],ThrAGT
326,HPA,HPA:0130000,colon,0.008265184645319805,True,colon,8302,277,237,10976,0.855595667870036,0.028547337990845578,query_1,['HPA:0000000'],ThrAGT
327,HPA,HPA:0020052,adrenal gland; glandular cells[≥Medium],0.008345452452689996,True,adrenal gland; glandular cells[≥Medium],5981,277,184,10976,0.6642599277978339,0.030764086273198463,query_1,['HPA:0020051'],ThrAGT
328,HPA,HPA:0030000,appendix,0.008542149172087623,True,appendix,7795,277,226,10976,0.8158844765342961,0.028992944194996793,query_1,['HPA:0000000'],ThrAGT
331,HPA,HPA:0130242,colon; peripheral nerve/ganglion[≥Medium],0.008701564173753168,True,colon; peripheral nerve/ganglion[≥Medium],3416,277,118,10976,0.4259927797833935,0.03454332552693208,query_1,['HPA:0130241'],ThrAGT
332,HPA,HPA:0460661,skin 1; keratinocytes[≥Low],0.008737337990037185,True,skin 1; keratinocytes[≥Low],5135,277,163,10976,0.5884476534296029,0.031742940603700094,query_1,['HPA:0460000'],ThrAGT
333,HPA,HPA:0160251,endometrium 1; cells in endometrial stroma[≥Low],0.008768312063706568,True,endometrium 1; cells in endometrial stroma[≥Low],4050,277,135,10976,0.48736462093862815,0.03333333333333333,query_1,['HPA:0160000'],ThrAGT
334,HPA,HPA:0180051,epididymis; glandular cells[≥Low],0.00892536399425135,True,epididymis; glandular cells[≥Low],7306,277,215,10976,0.776173285198556,0.029427867506159323,query_1,['HPA:0180000'],ThrAGT
335,HPA,HPA:0180000,epididymis,0.00892536399425135,True,epididymis,7306,277,215,10976,0.776173285198556,0.029427867506159323,query_1,['HPA:0000000'],ThrAGT
337,HPA,HPA:0460662,skin 1; keratinocytes[≥Medium],0.009120761941734534,True,skin 1; keratinocytes[≥Medium],3273,277,114,10976,0.41155234657039713,0.034830430797433545,query_1,['HPA:0460661'],ThrAGT
338,HPA,HPA:0130052,colon; glandular cells[≥Medium],0.009893567991388899,True,colon; glandular cells[≥Medium],5953,277,183,10976,0.6606498194945848,0.030740802956492525,query_1,['HPA:0130051'],ThrAGT
339,HPA,HPA:0610831,urinary bladder; urothelial cells[≥Low],0.009927841605896073,True,urinary bladder; urothelial cells[≥Low],7270,277,214,10976,0.7725631768953068,0.029436038514442917,query_1,['HPA:0610000'],ThrAGT
340,HPA,HPA:0610000,urinary bladder,0.009927841605896073,True,urinary bladder,7270,277,214,10976,0.7725631768953068,0.029436038514442917,query_1,['HPA:0000000'],ThrAGT
346,HPA,HPA:0490691,smooth muscle; smooth muscle cells[≥Low],0.010518671789447459,True,smooth muscle; smooth muscle cells[≥Low],5429,277,170,10976,0.6137184115523465,0.03131331736968134,query_1,['HPA:0490000'],ThrAGT
347,HPA,HPA:0490000,smooth muscle,0.010518671789447459,True,smooth muscle,5429,277,170,10976,0.6137184115523465,0.03131331736968134,query_1,['HPA:0000000'],ThrAGT
351,HPA,HPA:0090161,cerebellum; Purkinje cells[≥Low],0.01108101277584276,True,cerebellum; Purkinje cells[≥Low],5554,277,173,10976,0.6245487364620939,0.031148721642059778,query_1,['HPA:0090000'],ThrAGT
354,HPA,HPA:0570733,testis; Leydig cells[High],0.011738887571360997,True,testis; Leydig cells[High],1757,277,70,10976,0.2527075812274368,0.0398406374501992,query_1,['HPA:0570732'],ThrAGT
356,HPA,HPA:0350000,pancreas,0.012569129129773563,True,pancreas,7376,277,216,10976,0.779783393501805,0.02928416485900217,query_1,['HPA:0000000'],ThrAGT
358,HPA,HPA:0100202,cerebral cortex; endothelial cells[≥Medium],0.013394101012837913,True,cerebral cortex; endothelial cells[≥Medium],2478,277,91,10976,0.3285198555956679,0.03672316384180791,query_1,['HPA:0100201'],ThrAGT
359,HPA,HPA:0330221,oral mucosa; squamous epithelial cells[≥Low],0.01354356768234312,True,oral mucosa; squamous epithelial cells[≥Low],6226,277,189,10976,0.6823104693140795,0.030356569225827176,query_1,['HPA:0330000'],ThrAGT
360,HPA,HPA:0330000,oral mucosa,0.01354356768234312,True,oral mucosa,6226,277,189,10976,0.6823104693140795,0.030356569225827176,query_1,['HPA:0000000'],ThrAGT
361,GO:BP,GO:0034470,ncRNA processing,0.014673412646500692,True,"""Any process that results in the conversion of one or more primary non-coding RNA (ncRNA) transcripts into one or more mature ncRNA molecules."" [GOC:mah, PMID:27573892]",441,412,24,21092,0.05825242718446602,0.05442176870748299,query_1,"['GO:0006396', 'GO:0034660']",ThrAGT
362,HPA,HPA:0050051,breast; glandular cells[≥Low],0.014791393557644151,True,breast; glandular cells[≥Low],6781,277,202,10976,0.7292418772563177,0.029789116649461732,query_1,['HPA:0050000'],ThrAGT
363,HPA,HPA:0350471,pancreas; exocrine glandular cells[≥Low],0.014875453141669664,True,pancreas; exocrine glandular cells[≥Low],6910,277,205,10976,0.740072202166065,0.029667149059334298,query_1,['HPA:0350000'],ThrAGT
370,GO:BP,GO:0034660,ncRNA metabolic process,0.017451943089370796,True,"""The chemical reactions and pathways involving non-coding RNA transcripts (ncRNAs)."" [GOC:mah]",634,412,30,21092,0.07281553398058252,0.0473186119873817,query_1,['GO:0016070'],ThrAGT
371,HPA,HPA:0400000,rectum,0.017522132265293106,True,rectum,7939,277,228,10976,0.8231046931407943,0.028718982239576772,query_1,['HPA:0000000'],ThrAGT
372,HPA,HPA:0570732,testis; Leydig cells[≥Medium],0.0175326257235781,True,testis; Leydig cells[≥Medium],5389,277,168,10976,0.6064981949458483,0.031174614956392652,query_1,['HPA:0570731'],ThrAGT
373,HPA,HPA:0500651,soft tissue 1; fibroblasts[≥Low],0.018554113590902352,True,soft tissue 1; fibroblasts[≥Low],4220,277,138,10976,0.4981949458483754,0.032701421800947865,query_1,['HPA:0500000'],ThrAGT
375,HPA,HPA:0351181,pancreas; pancreatic endocrine cells[≥Low],0.018814158860603048,True,pancreas; pancreatic endocrine cells[≥Low],5596,277,173,10976,0.6245487364620939,0.03091493924231594,query_1,['HPA:0350000'],ThrAGT
376,HPA,HPA:0270363,kidney; cells in tubules[High],0.018889292601168724,True,kidney; cells in tubules[High],2188,277,82,10976,0.296028880866426,0.037477148080438755,query_1,['HPA:0270362'],ThrAGT
377,GO:MF,GO:0140110,transcription regulator activity,0.01933770242657579,True,"""A molecular function that controls the rate, timing and/or magnitude of gene transcription. The function of transcriptional regulators is to modulate gene expression at the transcription step so that they are expressed in the right cell at the right time and in the right amount throughout the life of the cell and the organism. Genes are transcriptional units, and include bacterial operons."" [GOC:pg, GOC:txnOH-2018, Wikipedia:Transcription_factor]",1925,428,67,20166,0.15654205607476634,0.034805194805194804,query_1,['GO:0003674'],ThrAGT
381,TF,TF:M04744,Factor: ATF-3; motif: GGCGCSSNSNGRTSACGTSA,0.021158744971181906,True,Factor: ATF-3; motif: GGCGCSSNSNGRTSACGTSA,10219,456,280,19943,0.6140350877192983,0.027399941285840102,query_1,['TF:M00000'],ThrAGT
383,HPA,HPA:0170051,endometrium 2; glandular cells[≥Low],0.02174739123994152,True,endometrium 2; glandular cells[≥Low],6684,277,199,10976,0.7184115523465704,0.029772591262716936,query_1,['HPA:0170000'],ThrAGT
387,GO:BP,GO:0006366,transcription by RNA polymerase II,0.023138361229833395,True,"""The synthesis of RNA from a DNA template by RNA polymerase II (RNAP II), originating at an RNA polymerase II promoter. Includes transcription of messenger RNA (mRNA) and certain small nuclear RNAs (snRNAs)."" [GOC:jl, GOC:txnOH, ISBN:0321000382]",2676,412,83,21092,0.20145631067961164,0.03101644245142003,query_1,['GO:0006351'],ThrAGT
389,TF,TF:M10438,Factor: ZF5; motif: GGSGCGCGS,0.02395664259362491,True,Factor: ZF5; motif: GGSGCGCGS,16536,456,411,19943,0.9013157894736842,0.02485486211901306,query_1,['TF:M00000'],ThrAGT
393,HPA,HPA:0460000,skin 1,0.025470867167127414,True,skin 1,7212,277,211,10976,0.7617328519855595,0.029256794231835827,query_1,['HPA:0000000'],ThrAGT
394,HPA,HPA:0300000,lung,0.025490582825255324,True,lung,7343,277,214,10976,0.7725631768953068,0.02914340187934087,query_1,['HPA:0000000'],ThrAGT
395,HPA,HPA:0360051,parathyroid gland; glandular cells[≥Low],0.02655849584316999,True,parathyroid gland; glandular cells[≥Low],5868,277,179,10976,0.6462093862815884,0.03050443081117928,query_1,['HPA:0360000'],ThrAGT
396,HPA,HPA:0360000,parathyroid gland,0.02655849584316999,True,parathyroid gland,5868,277,179,10976,0.6462093862815884,0.03050443081117928,query_1,['HPA:0000000'],ThrAGT
399,GO:BP,GO:0050789,regulation of biological process,0.02692392626362543,True,"""Any process that modulates the frequency, rate or extent of a biological process. Biological processes are regulated by many means; examples include the control of gene expression, protein modification or interaction with a protein or substrate molecule."" [GOC:ai, GOC:go_curators]",12361,412,283,21092,0.6868932038834952,0.0228945878165197,query_1,"['GO:0008150', 'GO:0065007']",ThrAGT
400,HPA,HPA:0100211,cerebral cortex; neuropil[≥Low],0.027808767619002105,True,cerebral cortex; neuropil[≥Low],4989,277,157,10976,0.5667870036101083,0.03146923231108439,query_1,['HPA:0100000'],ThrAGT
403,HPA,HPA:0300411,lung; macrophages[≥Low],0.030151957107180893,True,lung; macrophages[≥Low],6753,277,200,10976,0.7220216606498195,0.029616466755516067,query_1,['HPA:0300000'],ThrAGT
404,HPA,HPA:0510651,soft tissue 2; fibroblasts[≥Low],0.030400700653591243,True,soft tissue 2; fibroblasts[≥Low],4106,277,134,10976,0.48375451263537905,0.03263516804676084,query_1,['HPA:0510000'],ThrAGT
407,HPA,HPA:0510701,soft tissue 2; peripheral nerve[≥Low],0.031048852941934314,True,soft tissue 2; peripheral nerve[≥Low],3177,277,109,10976,0.3935018050541516,0.034309096632042804,query_1,['HPA:0510000'],ThrAGT
410,GO:BP,GO:0006357,regulation of transcription by RNA polymerase II,0.032271767782219615,True,"""Any process that modulates the frequency, rate or extent of transcription mediated by RNA polymerase II."" [GOC:go_curators, GOC:txnOH]",2574,412,80,21092,0.1941747572815534,0.03108003108003108,query_1,"['GO:0006355', 'GO:0006366']",ThrAGT
413,GO:CC,GO:0005737,cytoplasm,0.03643579732181129,True,"""The contents of a cell excluding the plasma membrane and nucleus, but including other subcellular structures."" [ISBN:0198547684]",12270,435,284,21690,0.6528735632183909,0.02314588427057865,query_1,"['GO:0005622', 'GO:0110165']",ThrAGT
414,TF,TF:M07061,Factor: POU4F3; motif: CTAATYW,0.03723921791809152,True,Factor: POU4F3; motif: CTAATYW,7253,456,210,19943,0.4605263157894737,0.02895353646766855,query_1,['TF:M00000'],ThrAGT
416,TF,TF:M07056,Factor: Pitx2; motif: WNTAAWCCCA,0.039492235635200434,True,Factor: Pitx2; motif: WNTAAWCCCA,4735,456,148,19943,0.32456140350877194,0.03125659978880676,query_1,['TF:M00000'],ThrAGT
417,TF,TF:M02114,Factor: pitx2; motif: NNTAAWCCCA,0.039492235635200434,True,Factor: pitx2; motif: NNTAAWCCCA,4735,456,148,19943,0.32456140350877194,0.03125659978880676,query_1,['TF:M00000'],ThrAGT
418,GO:BP,GO:1901564,organonitrogen compound metabolic process,0.039691290315724506,True,"""The chemical reactions and pathways involving organonitrogen compound."" [GOC:pr, GOC:TermGenie]",6522,412,167,21092,0.4053398058252427,0.025605642440969027,query_1,"['GO:0006807', 'GO:0071704']",ThrAGT
420,HPA,HPA:0390051,prostate; glandular cells[≥Low],0.04028743107994682,True,prostate; glandular cells[≥Low],6650,277,197,10976,0.7111913357400722,0.02962406015037594,query_1,['HPA:0390000'],ThrAGT
421,HPA,HPA:0390000,prostate,0.04028743107994682,True,prostate,6650,277,197,10976,0.7111913357400722,0.02962406015037594,query_1,['HPA:0000000'],ThrAGT
422,HPA,HPA:0390052,prostate; glandular cells[≥Medium],0.04282768122970735,True,prostate; glandular cells[≥Medium],4789,277,151,10976,0.5451263537906137,0.03153059093756525,query_1,['HPA:0390051'],ThrAGT
423,HPA,HPA:0060102,bronchus; respiratory epithelial cells[≥Medium],0.04464282857801067,True,bronchus; respiratory epithelial cells[≥Medium],4910,277,154,10976,0.555956678700361,0.03136456211812627,query_1,['HPA:0060101'],ThrAGT
424,HPA,HPA:0050092,breast; myoepithelial cells[≥Medium],0.04474807833182885,True,breast; myoepithelial cells[≥Medium],3759,277,124,10976,0.44765342960288806,0.03298749667464751,query_1,['HPA:0050091'],ThrAGT
425,GO:BP,GO:0009987,cellular process,0.045519774980881084,True,"""Any process that is carried out at the cellular level, but not necessarily restricted to a single cell. For example, cell communication occurs among more than one cell, but occurs at the cellular level."" [GOC:go_curators, GOC:isa_complete]",19221,412,397,21092,0.9635922330097088,0.020654492482180948,query_1,['GO:0008150'],ThrAGT
426,HPA,HPA:0090182,cerebellum; cells in granular layer[≥Medium],0.04623899564324925,True,cerebellum; cells in granular layer[≥Medium],2916,277,101,10976,0.36462093862815886,0.03463648834019204,query_1,['HPA:0090181'],ThrAGT
428,HPA,HPA:0630221,cervix; squamous epithelial cells[≥Low],0.04748111690635458,True,cervix; squamous epithelial cells[≥Low],5431,277,167,10976,0.6028880866425993,0.030749401583502117,query_1,['HPA:0630000'],ThrAGT
429,HPA,HPA:0270352,kidney; cells in glomeruli[≥Medium],0.047753300429946285,True,kidney; cells in glomeruli[≥Medium],3063,277,105,10976,0.37906137184115524,0.034280117531831536,query_1,['HPA:0270351'],ThrAGT
430,HPA,HPA:0500702,soft tissue 1; peripheral nerve[≥Medium],0.04851903577393743,True,soft tissue 1; peripheral nerve[≥Medium],1343,277,55,10976,0.19855595667870035,0.04095309009679821,query_1,['HPA:0500701'],ThrAGT
431,HPA,HPA:0530722,spleen; cells in white pulp[≥Medium],0.04960046721375583,True,spleen; cells in white pulp[≥Medium],2706,277,95,10976,0.34296028880866425,0.03510716925351072,query_1,['HPA:0530721'],ThrAGT
432,HPA,HPA:0050052,breast; glandular cells[≥Medium],0.04991843466849874,True,breast; glandular cells[≥Medium],5077,277,158,10976,0.5703971119133574,0.031120740594839474,query_1,['HPA:0050051'],ThrAGT
0,GO:MF,GO:0005515,protein binding,0.037567869308001364,True,"""Binding to a protein."" [GOC:go_curators]",14832,47,45,20166,0.9574468085106383,0.003033980582524272,query_1,['GO:0005488'],AlaAGC
0,GO:BP,GO:0031323,regulation of cellular metabolic process,1.3773061437760633e-06,True,"""Any process that modulates the frequency, rate or extent of the chemical reactions and pathways by which individual cells transform chemical substances."" [GOC:mah]",5649,231,105,21092,0.45454545454545453,0.01858736059479554,query_1,"['GO:0019222', 'GO:0044237', 'GO:0050794']",ThrTGT
1,GO:BP,GO:0051171,regulation of nitrogen compound metabolic process,2.525567386784351e-06,True,"""Any process that modulates the frequency, rate or extent of the chemical reactions and pathways involving nitrogen or nitrogenous compounds."" [GOC:ai, GOC:tb]",5706,231,105,21092,0.45454545454545453,0.01840168243953733,query_1,"['GO:0006807', 'GO:0019222']",ThrTGT
2,GO:BP,GO:0080090,regulation of primary metabolic process,2.6345853971077392e-06,True,"""Any process that modulates the frequency, rate or extent of the chemical reactions and pathways within a cell or an organism involving those compounds formed as a part of the normal anabolic and catabolic processes. These processes take place in most, if not all, cells of the organism."" [PMID:19211694]",5869,231,107,21092,0.46320346320346323,0.018231385244505027,query_1,"['GO:0019222', 'GO:0044238']",ThrTGT
3,GO:BP,GO:0050794,regulation of cellular process,1.9232029933913368e-05,True,"""Any process that modulates the frequency, rate or extent of a cellular process, any of those that are carried out at the cellular level, but are not necessarily restricted to a single cell. For example, cell communication occurs among more than one cell, but occurs at the cellular level."" [GOC:go_curators]",11130,231,164,21092,0.70995670995671,0.014734950584007188,query_1,"['GO:0009987', 'GO:0050789']",ThrTGT
4,GO:BP,GO:0048518,positive regulation of biological process,4.09565873259241e-05,True,"""Any process that activates or increases the frequency, rate or extent of a biological process. Biological processes are regulated by many means; examples include the control of gene expression, protein modification or interaction with a protein or substrate molecule."" [GOC:jid]",6309,231,109,21092,0.47186147186147187,0.017276906007291173,query_1,"['GO:0008150', 'GO:0050789']",ThrTGT
5,GO:BP,GO:0019219,regulation of nucleobase-containing compound metabolic process,0.00013536305778113282,True,"""Any cellular process that modulates the frequency, rate or extent of the chemical reactions and pathways involving nucleobases, nucleosides, nucleotides and nucleic acids."" [GOC:go_curators]",4088,231,79,21092,0.341991341991342,0.019324853228962817,query_1,"['GO:0006139', 'GO:0031323', 'GO:0051171', 'GO:0080090']",ThrTGT
6,GO:BP,GO:0019222,regulation of metabolic process,0.00015376345271045198,True,"""Any process that modulates the frequency, rate or extent of the chemical reactions and pathways within a cell or an organism."" [GOC:go_curators]",7377,231,120,21092,0.5194805194805194,0.016266775111834077,query_1,"['GO:0008152', 'GO:0050789']",ThrTGT
7,GO:BP,GO:0051252,regulation of RNA metabolic process,0.00024717256283658564,True,"""Any process that modulates the frequency, rate or extent of the chemical reactions and pathways involving RNA."" [GOC:ai]",3775,231,74,21092,0.3203463203463203,0.01960264900662252,query_1,"['GO:0016070', 'GO:0019219', 'GO:0060255']",ThrTGT
8,GO:BP,GO:0060255,regulation of macromolecule metabolic process,0.00024846671314988374,True,"""Any process that modulates the frequency, rate or extent of the chemical reactions and pathways involving macromolecules, any molecule of high relative molecular mass, the structure of which essentially comprises the multiple repetition of units derived, actually or conceptually, from molecules of low relative molecular mass."" [GOC:dph, GOC:tb]",6842,231,113,21092,0.48917748917748916,0.016515638702133878,query_1,"['GO:0019222', 'GO:0043170']",ThrTGT
9,GO:BP,GO:0048522,positive regulation of cellular process,0.00031611647705492244,True,"""Any process that activates or increases the frequency, rate or extent of a cellular process, any of those that are carried out at the cellular level, but are not necessarily restricted to a single cell. For example, cell communication occurs among more than one cell, but occurs at the cellular level."" [GOC:jid]",5641,231,98,21092,0.42424242424242425,0.017372806240028363,query_1,"['GO:0009987', 'GO:0048518', 'GO:0050794']",ThrTGT
10,TF,TF:M00695_1,Factor: ETF; motif: GVGGMGG; match class: 1,0.0003861638118865281,True,Factor: ETF; motif: GVGGMGG; match class: 1,7194,249,130,19943,0.5220883534136547,0.01807061440088963,query_1,['TF:M00695'],ThrTGT
11,GO:BP,GO:0009059,macromolecule biosynthetic process,0.00040138609407540984,True,"""The chemical reactions and pathways resulting in the formation of a macromolecule, any molecule of high relative molecular mass, the structure of which essentially comprises the multiple repetition of units derived, actually or conceptually, from molecules of low relative molecular mass."" [GOC:mah]",4801,231,87,21092,0.37662337662337664,0.018121224744844823,query_1,"['GO:0043170', 'GO:1901576']",ThrTGT
12,GO:BP,GO:0043412,macromolecule modification,0.0007104157461843762,True,"""The covalent alteration of one or more monomeric units in a polypeptide, polynucleotide, polysaccharide, or other biological macromolecule, resulting in a change in its properties."" [GOC:go_curators]",3874,231,74,21092,0.3203463203463203,0.019101703665462055,query_1,['GO:0043170'],ThrTGT
13,GO:BP,GO:0006351,DNA-templated transcription,0.0008331971521807557,True,"""The synthesis of an RNA transcript from a DNA template."" [GOC:jl, GOC:txnOH]",3595,231,70,21092,0.30303030303030304,0.019471488178025034,query_1,['GO:0097659'],ThrTGT
14,GO:BP,GO:0097659,nucleic acid-templated transcription,0.0008421514637447432,True,"""The synthesis of an RNA transcript from a nucleic acid template (DNA or RNA)."" [GOC:pr, GOC:txnOH, GOC:vw]",3596,231,70,21092,0.30303030303030304,0.01946607341490545,query_1,"['GO:0010467', 'GO:0032774']",ThrTGT
15,GO:BP,GO:0018130,heterocycle biosynthetic process,0.0009088198456013802,True,"""The chemical reactions and pathways resulting in the formation of heterocyclic compounds, those with a cyclic molecular structure and at least two different atoms in the ring (or rings)."" [ISBN:0198547684]",4122,231,77,21092,0.3333333333333333,0.018680252304706452,query_1,"['GO:0044249', 'GO:0046483']",ThrTGT
16,GO:BP,GO:0034654,nucleobase-containing compound biosynthetic process,0.0009273704143003878,True,"""The chemical reactions and pathways resulting in the formation of nucleobases, nucleosides, nucleotides and nucleic acids."" [GOC:mah]",4049,231,76,21092,0.329004329004329,0.018770066683131637,query_1,"['GO:0006139', 'GO:0018130', 'GO:0019438', 'GO:0044271', 'GO:1901362']",ThrTGT
17,TF,TF:M00695,Factor: ETF; motif: GVGGMGG,0.0009659364650043342,True,Factor: ETF; motif: GVGGMGG,10659,249,172,19943,0.6907630522088354,0.016136598179941834,query_1,['TF:M00000'],ThrTGT
18,GO:BP,GO:1901362,organic cyclic compound biosynthetic process,0.0009747829708140967,True,"""The chemical reactions and pathways resulting in the formation of organic cyclic compound."" [GOC:TermGenie]",4280,231,79,21092,0.341991341991342,0.018457943925233644,query_1,"['GO:1901360', 'GO:1901576']",ThrTGT
19,GO:BP,GO:0032774,RNA biosynthetic process,0.0010306397374185666,True,"""The chemical reactions and pathways resulting in the formation of RNA, ribonucleic acid, one of the two main type of nucleic acid, consisting of a long, unbranched macromolecule formed from ribonucleotides joined in 3',5'-phosphodiester linkage. Includes polymerization of ribonucleotide monomers. Refers not only to transcription but also to e.g. viral RNA replication."" [GOC:mah, GOC:txnOH]",3615,231,70,21092,0.30303030303030304,0.019363762102351315,query_1,"['GO:0009059', 'GO:0016070', 'GO:0034654']",ThrTGT
20,GO:BP,GO:0006355,regulation of DNA-templated transcription,0.001084719839060312,True,"""Any process that modulates the frequency, rate or extent of cellular DNA-templated transcription."" [GOC:go_curators, GOC:txnOH]",3474,231,68,21092,0.2943722943722944,0.01957397812320092,query_1,"['GO:0006351', 'GO:0010468', 'GO:1903506']",ThrTGT
21,GO:BP,GO:1903506,regulation of nucleic acid-templated transcription,0.001096443959103989,True,"""Any process that modulates the frequency, rate or extent of nucleic acid-templated transcription."" [GO_REF:0000058, GOC:pr, GOC:TermGenie, GOC:txnOH, GOC:vw]",3475,231,68,21092,0.2943722943722944,0.019568345323741007,query_1,"['GO:0097659', 'GO:2001141']",ThrTGT
22,GO:BP,GO:0019538,protein metabolic process,0.001113322805826479,True,"""The chemical reactions and pathways involving a protein. Includes protein modification."" [GOC:ma]",5462,231,94,21092,0.4069264069264069,0.01720981325521787,query_1,"['GO:0043170', 'GO:0044238', 'GO:1901564']",ThrTGT
23,GO:BP,GO:0009893,positive regulation of metabolic process,0.0011785030439136679,True,"""Any process that activates or increases the frequency, rate or extent of the chemical reactions and pathways within a cell or an organism."" [GOC:go_curators]",3849,231,73,21092,0.31601731601731603,0.018965965185762535,query_1,"['GO:0008152', 'GO:0019222', 'GO:0048518']",ThrTGT
24,GO:BP,GO:2001141,regulation of RNA biosynthetic process,0.0012074961616162813,True,"""Any process that modulates the frequency, rate or extent of RNA biosynthetic process."" [GOC:dph]",3484,231,68,21092,0.2943722943722944,0.01951779563719862,query_1,"['GO:0010556', 'GO:0031326', 'GO:0032774', 'GO:0051252']",ThrTGT
25,GO:BP,GO:0006357,regulation of transcription by RNA polymerase II,0.0013193007609384377,True,"""Any process that modulates the frequency, rate or extent of transcription mediated by RNA polymerase II."" [GOC:go_curators, GOC:txnOH]",2574,231,55,21092,0.23809523809523808,0.021367521367521368,query_1,"['GO:0006355', 'GO:0006366']",ThrTGT
27,GO:BP,GO:0010556,regulation of macromolecule biosynthetic process,0.0015559170251934296,True,"""Any process that modulates the rate, frequency or extent of the chemical reactions and pathways resulting in the formation of a macromolecule, any molecule of high relative molecular mass, the structure of which essentially comprises the multiple repetition of units derived, actually or conceptually, from molecules of low relative molecular mass."" [GOC:dph, GOC:tb]",3951,231,74,21092,0.3203463203463203,0.018729435585927615,query_1,"['GO:0009059', 'GO:0009889', 'GO:0060255']",ThrTGT
29,HPA,HPA:0130243,colon; peripheral nerve/ganglion[High],0.0018954394664017318,True,colon; peripheral nerve/ganglion[High],847,156,29,10976,0.1858974358974359,0.03423848878394333,query_1,['HPA:0130242'],ThrTGT
30,GO:BP,GO:0009058,biosynthetic process,0.0021228563604903804,True,"""The chemical reactions and pathways resulting in the formation of substances; typically the energy-requiring part of metabolism in which simpler substances are transformed into more complex ones."" [GOC:curators, ISBN:0198547684]",5941,231,99,21092,0.42857142857142855,0.016663861302810976,query_1,['GO:0008152'],ThrTGT
31,GO:BP,GO:0019438,aromatic compound biosynthetic process,0.002122888467870298,True,"""The chemical reactions and pathways resulting in the formation of aromatic compounds, any substance containing an aromatic carbon ring."" [GOC:ai]",4133,231,76,21092,0.329004329004329,0.018388579724171305,query_1,"['GO:0006725', 'GO:0044249']",ThrTGT
32,TF,TF:M12722_1,Factor: ZXDL; motif: GSGSCNNGGGMRGCNCCGGGS; match class: 1,0.002341446120969157,True,Factor: ZXDL; motif: GSGSCNNGGGMRGCNCCGGGS; match class: 1,6797,249,122,19943,0.4899598393574297,0.017949095189053993,query_1,['TF:M12722'],ThrTGT
33,TF,TF:M11603,Factor: TCF-1; motif: ACATCGRGRCGCTGW,0.0028303861489483947,True,Factor: TCF-1; motif: ACATCGRGRCGCTGW,16602,249,233,19943,0.9357429718875502,0.014034453680279484,query_1,['TF:M00000'],ThrTGT
34,GO:MF,GO:0005515,protein binding,0.0029192420902621774,True,"""Binding to a protein."" [GOC:go_curators]",14832,239,204,20166,0.8535564853556485,0.013754045307443365,query_1,['GO:0005488'],ThrTGT
35,GO:BP,GO:0036211,protein modification process,0.0031235927123413132,True,"""The covalent alteration of one or more amino acids occurring in proteins, peptides and nascent polypeptides (co-translational, post-translational modifications). Includes the modification of charged tRNAs that are destined to occur in a protein (pre-translation modification)."" [GOC:bf, GOC:jl]",3649,231,69,21092,0.2987012987012987,0.01890929021649767,query_1,"['GO:0019538', 'GO:0043412']",ThrTGT
36,GO:BP,GO:0009889,regulation of biosynthetic process,0.003169621310108124,True,"""Any process that modulates the frequency, rate or extent of the chemical reactions and pathways resulting in the formation of substances."" [GOC:go_curators]",4175,231,76,21092,0.329004329004329,0.01820359281437126,query_1,"['GO:0009058', 'GO:0019222']",ThrTGT
37,GO:BP,GO:0031326,regulation of cellular biosynthetic process,0.003646653472731427,True,"""Any process that modulates the frequency, rate or extent of the chemical reactions and pathways resulting in the formation of substances, carried out by individual cells."" [GOC:mah]",4114,231,75,21092,0.3246753246753247,0.018230432668935342,query_1,"['GO:0009889', 'GO:0031323', 'GO:0044249']",ThrTGT
38,GO:BP,GO:1901576,organic substance biosynthetic process,0.00395631023371796,True,"""The chemical reactions and pathways resulting in the formation of an organic substance, any molecular entity containing carbon."" [GOC:pr, GOC:TermGenie]",5854,231,97,21092,0.4199134199134199,0.016569866757772462,query_1,"['GO:0009058', 'GO:0071704']",ThrTGT
39,GO:BP,GO:0044249,cellular biosynthetic process,0.004267369580102099,True,"""The chemical reactions and pathways resulting in the formation of substances, carried out by individual cells."" [GOC:jl]",5782,231,96,21092,0.4155844155844156,0.016603251470079558,query_1,"['GO:0009058', 'GO:0044237']",ThrTGT
40,TF,TF:M09636,Factor: MAZ; motif: GGGMGGGGSSGGGGGGGGGGGG,0.004304779731126577,True,Factor: MAZ; motif: GGGMGGGGSSGGGGGGGGGGGG,16533,249,232,19943,0.9317269076305221,0.014032540978648762,query_1,['TF:M00000'],ThrTGT
41,GO:BP,GO:0010604,positive regulation of macromolecule metabolic process,0.00437516427109322,True,"""Any process that increases the frequency, rate or extent of the chemical reactions and pathways involving macromolecules, any molecule of high relative molecular mass, the structure of which essentially comprises the multiple repetition of units derived, actually or conceptually, from molecules of low relative molecular mass."" [GOC:dph, GOC:tb]",3535,231,67,21092,0.29004329004329005,0.018953323903818955,query_1,"['GO:0009893', 'GO:0043170', 'GO:0060255']",ThrTGT
42,GO:BP,GO:0006366,transcription by RNA polymerase II,0.0044540073903132,True,"""The synthesis of RNA from a DNA template by RNA polymerase II (RNAP II), originating at an RNA polymerase II promoter. Includes transcription of messenger RNA (mRNA) and certain small nuclear RNAs (snRNAs)."" [GOC:jl, GOC:txnOH, ISBN:0321000382]",2676,231,55,21092,0.23809523809523808,0.02055306427503737,query_1,['GO:0006351'],ThrTGT
43,GO:BP,GO:0010468,regulation of gene expression,0.0056955888931697575,True,"""Any process that modulates the frequency, rate or extent of gene expression. Gene expression is the process in which a gene's coding sequence is converted into a mature gene product (protein or RNA)."" [GOC:txnOH-2018]",5494,231,92,21092,0.39826839826839827,0.016745540589734254,query_1,"['GO:0010467', 'GO:0060255']",ThrTGT
44,GO:MF,GO:0140110,transcription regulator activity,0.006160449657008474,True,"""A molecular function that controls the rate, timing and/or magnitude of gene transcription. The function of transcriptional regulators is to modulate gene expression at the transcription step so that they are expressed in the right cell at the right time and in the right amount throughout the life of the cell and the organism. Genes are transcriptional units, and include bacterial operons."" [GOC:pg, GOC:txnOH-2018, Wikipedia:Transcription_factor]",1925,239,44,20166,0.18410041841004185,0.022857142857142857,query_1,['GO:0003674'],ThrTGT
45,TF,TF:M02090,Factor: E2F-4; motif: GCGGGAAANA,0.006624276387369706,True,Factor: E2F-4; motif: GCGGGAAANA,12201,249,187,19943,0.751004016064257,0.015326612572739939,query_1,['TF:M00000'],ThrTGT
46,TF,TF:M12597,Factor: E2F1; motif: GSGCGGGAAN,0.006775194385159457,True,Factor: E2F1; motif: GSGCGGGAAN,14319,249,210,19943,0.8433734939759037,0.01466582861931699,query_1,['TF:M00000'],ThrTGT
48,GO:BP,GO:0050789,regulation of biological process,0.009714256969802689,True,"""Any process that modulates the frequency, rate or extent of a biological process. Biological processes are regulated by many means; examples include the control of gene expression, protein modification or interaction with a protein or substrate molecule."" [GOC:ai, GOC:go_curators]",12361,231,168,21092,0.7272727272727273,0.013591133403446323,query_1,"['GO:0008150', 'GO:0065007']",ThrTGT
49,TF,TF:M01199,Factor: RNF96; motif: BCCCGCRGCC,0.011153598744385004,True,Factor: RNF96; motif: BCCCGCRGCC,8683,249,144,19943,0.5783132530120482,0.01658412990901762,query_1,['TF:M00000'],ThrTGT
52,TF,TF:M10438_1,Factor: ZF5; motif: GGSGCGCGS; match class: 1,0.013778315294886642,True,Factor: ZF5; motif: GGSGCGCGS; match class: 1,15191,249,218,19943,0.8755020080321285,0.014350602330327167,query_1,['TF:M10438'],ThrTGT
55,GO:BP,GO:1901564,organonitrogen compound metabolic process,0.015020079777419698,True,"""The chemical reactions and pathways involving organonitrogen compound."" [GOC:pr, GOC:TermGenie]",6522,231,103,21092,0.4458874458874459,0.015792701625268322,query_1,"['GO:0006807', 'GO:0071704']",ThrTGT
57,GO:BP,GO:0051173,positive regulation of nitrogen compound metabolic process,0.016006058224010973,True,"""Any process that activates or increases the frequency, rate or extent of the chemical reactions and pathways involving nitrogen or nitrogenous compounds."" [GOC:ai, GOC:tb]",3152,231,60,21092,0.2597402597402597,0.01903553299492386,query_1,"['GO:0006807', 'GO:0009893', 'GO:0051171']",ThrTGT
58,TF,TF:M12722,Factor: ZXDL; motif: GSGSCNNGGGMRGCNCCGGGS,0.01847260234695604,True,Factor: ZXDL; motif: GSGSCNNGGGMRGCNCCGGGS,10790,249,169,19943,0.678714859437751,0.01566265060240964,query_1,['TF:M00000'],ThrTGT
59,GO:BP,GO:0031325,positive regulation of cellular metabolic process,0.018545147707989387,True,"""Any process that activates or increases the frequency, rate or extent of the chemical reactions and pathways by which individual cells transform chemical substances."" [GOC:mah]",3094,231,59,21092,0.2554112554112554,0.01906916612798966,query_1,"['GO:0009893', 'GO:0031323', 'GO:0044237', 'GO:0048522']",ThrTGT
60,GO:BP,GO:0044271,cellular nitrogen compound biosynthetic process,0.02039056660933731,True,"""The chemical reactions and pathways resulting in the formation of organic and inorganic nitrogenous compounds."" [GOC:jl, ISBN:0198506732]",4853,231,82,21092,0.354978354978355,0.01689676488769833,query_1,"['GO:0034641', 'GO:0044249']",ThrTGT
62,GO:CC,GO:0043229,intracellular organelle,0.021813335812317865,True,"""Organized structure of distinctive morphology and function, occurring within the cell. Includes the nucleus, mitochondria, plastids, vacuoles, vesicles, ribosomes and the cytoskeleton. Excludes the plasma membrane."" [GOC:go_curators]",15965,241,203,21690,0.8423236514522822,0.012715314751017852,query_1,"['GO:0005622', 'GO:0043226']",ThrTGT
64,TF,TF:M10151,Factor: EZI; motif: GGGGAGGGGRRGGRGRRGGRRR,0.022106102961937532,True,Factor: EZI; motif: GGGGAGGGGRRGGRGRRGGRRR,2181,249,51,19943,0.20481927710843373,0.023383768913342505,query_1,['TF:M00000'],ThrTGT
65,GO:CC,GO:0005654,nucleoplasm,0.025131104703886638,True,"""That part of the nuclear content other than the chromosomes or the nucleolus."" [GOC:ma, ISBN:0124325653]",4215,241,72,21690,0.2987551867219917,0.01708185053380783,query_1,"['GO:0031981', 'GO:0110165']",ThrTGT
66,TF,TF:M12599_1,Factor: E2F4; motif: YCCCGCCNCNNSSNNSNN; match class: 1,0.026153502630105116,True,Factor: E2F4; motif: YCCCGCCNCNNSSNNSNN; match class: 1,15982,249,225,19943,0.9036144578313253,0.014078338130396696,query_1,['TF:M12599'],ThrTGT
70,GO:BP,GO:0065007,biological regulation,0.04466710039144416,True,"""Any process that modulates a measurable attribute of any biological process, quality or function."" [GOC:dph, GOC:isa_complete, GOC:mah, GOC:pr, GOC:vw]",13096,231,173,21092,0.7489177489177489,0.01321014050091631,query_1,['GO:0008150'],ThrTGT
0,GO:BP,GO:0046329,negative regulation of JNK cascade,0.025442826466393155,True,"""Any process that stops, prevents, or reduces the frequency, rate or extent of signal transduction mediated by the JNK cascade."" [GOC:bf]",38,79,4,21092,0.05063291139240506,0.10526315789473684,query_1,"['GO:0007254', 'GO:0032873', 'GO:0046328']",CysACA
0,GO:CC,GO:0005654,nucleoplasm,7.336500364744194e-06,True,"""That part of the nuclear content other than the chromosomes or the nucleolus."" [GOC:ma, ISBN:0124325653]",4215,295,97,21690,0.3288135593220339,0.023013048635824436,query_1,"['GO:0031981', 'GO:0110165']",GluCTC
1,GO:BP,GO:0007275,multicellular organism development,7.98359869962452e-06,True,"""The biological process whose specific outcome is the progression of a multicellular organism over time from an initial condition (e.g. a zygote or a young adult) to a later condition (e.g. a multicellular animal or an aged adult)."" [GOC:dph, GOC:ems, GOC:isa_complete, GOC:tb]",4823,272,105,21092,0.3860294117647059,0.02177068214804064,query_1,"['GO:0032501', 'GO:0048856']",GluCTC
2,GO:BP,GO:0032502,developmental process,1.3152715389685957e-05,True,"""A biological process whose specific outcome is the progression of an integrated living unit: an anatomical structure (which may be a subcellular structure, cell, tissue, or organ), or organism over time from an initial condition to a later condition."" [GOC:isa_complete]",6424,272,128,21092,0.47058823529411764,0.019925280199252802,query_1,['GO:0008150'],GluCTC
3,TF,TF:M09984,Factor: MAZ; motif: GGGGGAGGGGGNGRGRRRGNRG,2.2985641911861513e-05,True,Factor: MAZ; motif: GGGGGAGGGGGNGRGRRRGNRG,9762,304,198,19943,0.6513157894736842,0.020282728948985862,query_1,['TF:M00000'],GluCTC
4,GO:BP,GO:0048731,system development,3.7039239397081066e-05,True,"""The process whose specific outcome is the progression of an organismal system over time, from its formation to the mature structure. A system is a regularly interacting or interdependent group of organs or tissues that work together to carry out a given biological process."" [GOC:dph, GOC:jid]",4369,272,96,21092,0.35294117647058826,0.02197299153124285,query_1,"['GO:0007275', 'GO:0048856']",GluCTC
5,GO:BP,GO:0048856,anatomical structure development,3.926616950704821e-05,True,"""The biological process whose specific outcome is the progression of an anatomical structure from an initial condition to its mature state. This process begins with the formation of the structure and ends with the mature structure, whatever form that may be including its natural destruction. An anatomical structure is any biological entity that occupies space and is distinguished from its surroundings. Anatomical structures can be macroscopic such as a carpel, or microscopic such as an acrosome."" [GO_REF:0000021]",5836,272,118,21092,0.4338235294117647,0.02021932830705963,query_1,['GO:0032502'],GluCTC
6,GO:BP,GO:0006996,organelle organization,0.00016483947254314314,True,"""A process that is carried out at the cellular level which results in the assembly, arrangement of constituent parts, or disassembly of an organelle within a cell. An organelle is an organized structure of distinctive morphology and function. Includes the nucleus, mitochondria, plastids, vacuoles, vesicles, ribosomes and the cytoskeleton. Excludes the plasma membrane."" [GOC:mah]",3545,272,81,21092,0.2977941176470588,0.022849083215796897,query_1,['GO:0016043'],GluCTC
7,TF,TF:M10086_1,Factor: TAFII250; motif: RARRWGGCGGMGGNGR; match class: 1,0.00016823742660504551,True,Factor: TAFII250; motif: RARRWGGCGGMGGNGR; match class: 1,4244,304,105,19943,0.34539473684210525,0.02474081055607917,query_1,['TF:M10086'],GluCTC
8,GO:BP,GO:0050794,regulation of cellular process,0.0002366550838613652,True,"""Any process that modulates the frequency, rate or extent of a cellular process, any of those that are carried out at the cellular level, but are not necessarily restricted to a single cell. For example, cell communication occurs among more than one cell, but occurs at the cellular level."" [GOC:go_curators]",11130,272,186,21092,0.6838235294117647,0.016711590296495958,query_1,"['GO:0009987', 'GO:0050789']",GluCTC
9,GO:MF,GO:0005515,protein binding,0.0008263075272672138,True,"""Binding to a protein."" [GOC:go_curators]",14832,283,241,20166,0.8515901060070671,0.016248651564185545,query_1,['GO:0005488'],GluCTC
10,GO:CC,GO:0005856,cytoskeleton,0.0009851027838994493,True,"""A cellular structure that forms the internal framework of eukaryotic and prokaryotic cells. The cytoskeleton includes intermediate filaments, microfilaments, microtubules, the microtrabecular lattice, and other structures characterized by a polymeric filamentous nature and long-range order within the cell. The various elements of the cytoskeleton not only serve in the maintenance of cellular shape but also have roles in other cellular functions, including cellular movement, cell division, endocytosis, and movement of organelles."" [GOC:mah, PMID:16959967, PMID:27419875]",2381,295,59,21690,0.2,0.024779504409911803,query_1,['GO:0043232'],GluCTC
11,GO:BP,GO:0032501,multicellular organismal process,0.0011065367573693313,True,"""Any biological process, occurring at the level of a multicellular organism, pertinent to its function."" [GOC:curators, GOC:dph, GOC:isa_complete, GOC:tb]",7463,272,136,21092,0.5,0.018223234624145785,query_1,['GO:0008150'],GluCTC
12,GO:BP,GO:0007010,cytoskeleton organization,0.0013043046196972898,True,"""A process that is carried out at the cellular level which results in the assembly, arrangement of constituent parts, or disassembly of cytoskeletal structures."" [GOC:dph, GOC:jl, GOC:mah]",1491,272,43,21092,0.15808823529411764,0.028839704896042925,query_1,['GO:0006996'],GluCTC
13,GO:CC,GO:0005737,cytoplasm,0.0014932054133091133,True,"""The contents of a cell excluding the plasma membrane and nucleus, but including other subcellular structures."" [ISBN:0198547684]",12270,295,204,21690,0.6915254237288135,0.016625916870415647,query_1,"['GO:0005622', 'GO:0110165']",GluCTC
14,TF,TF:M09834,Factor: ZNF148; motif: NNNNNNCCNNCCCCTCCCCCACCCN,0.0016072006444903936,True,Factor: ZNF148; motif: NNNNNNCCNNCCCCTCCCCCACCCN,7099,304,150,19943,0.4934210526315789,0.02112973658261727,query_1,['TF:M00000'],GluCTC
15,GO:BP,GO:0030154,cell differentiation,0.0016599746038347594,True,"""The process in which relatively unspecialized cells, e.g. embryonic or regenerative cells, acquire specialized structural and/or functional features that characterize the cells, tissues, or organs of the mature organism or some other relatively stable phase of the organism's life history. Differentiation includes the processes involved in commitment of a cell to a specific fate and its subsequent development to the mature state."" [ISBN:0198506732]",4256,272,89,21092,0.3272058823529412,0.020911654135338346,query_1,['GO:0048869'],GluCTC
16,GO:BP,GO:0048869,cellular developmental process,0.0021320105745806905,True,"""A biological process whose specific outcome is the progression of a cell over time from an initial condition to a later condition."" [GOC:isa_complete]",4280,272,89,21092,0.3272058823529412,0.020794392523364486,query_1,"['GO:0009987', 'GO:0032502']",GluCTC
17,TF,TF:M07141,Factor: FPM315; motif: GGAGGAGGRRGRGGRGGRRGR,0.0023925956492844686,True,Factor: FPM315; motif: GGAGGAGGRRGRGGRGGRRGR,2221,304,63,19943,0.20723684210526316,0.028365601080594327,query_1,['TF:M00000'],GluCTC
18,GO:CC,GO:0098793,presynapse,0.002857142647577592,True,"""The part of a synapse that is part of the presynaptic cell."" [GOC:dos]",521,295,21,21690,0.0711864406779661,0.04030710172744722,query_1,"['GO:0045202', 'GO:0110165']",GluCTC
19,TF,TF:M09826_1,Factor: BTEB3; motif: CCNNSCCNSCCCCKCCCCC; match class: 1,0.0038841810867325014,True,Factor: BTEB3; motif: CCNNSCCNSCCCCKCCCCC; match class: 1,7694,304,158,19943,0.5197368421052632,0.020535482193917338,query_1,['TF:M09826'],GluCTC
20,TF,TF:M01104_1,Factor: MOVO-B; motif: GNGGGGG; match class: 1,0.004075452821853073,True,Factor: MOVO-B; motif: GNGGGGG; match class: 1,5798,304,127,19943,0.41776315789473684,0.02190410486374612,query_1,['TF:M01104'],GluCTC
21,TF,TF:M07289_1,Factor: GKLF; motif: NNNRGGNGNGGSN; match class: 1,0.004393535029888573,True,Factor: GKLF; motif: NNNRGGNGNGGSN; match class: 1,10800,304,205,19943,0.6743421052631579,0.01898148148148148,query_1,['TF:M07289'],GluCTC
22,GO:BP,GO:0051150,regulation of smooth muscle cell differentiation,0.004744684259145651,True,"""Any process that modulates the frequency, rate or extent of smooth muscle cell differentiation."" [CL:0000192, GOC:ai]",30,272,6,21092,0.022058823529411766,0.2,query_1,"['GO:0051145', 'GO:0051147']",GluCTC
23,GO:CC,GO:0097060,synaptic membrane,0.0051025971824193,True,"""A specialized area of membrane on either the presynaptic or the postsynaptic side of a synapse, the junction between a nerve fiber of one neuron and another neuron or muscle fiber or glial cell."" [GOC:BHF, PMID:20410104]",378,295,17,21690,0.0576271186440678,0.04497354497354497,query_1,"['GO:0045202', 'GO:0098590']",GluCTC
24,GO:CC,GO:0005813,centrosome,0.005295351949127543,True,"""A structure comprised of a core structure (in most organisms, a pair of centrioles) and peripheral material from which a microtubule-based structure, such as a spindle apparatus, is organized. Centrosomes occur close to the nucleus during interphase in many eukaryotic cells, though in animal cells it changes continually during the cell-division cycle."" [GOC:mah, ISBN:0198547684]",630,295,23,21690,0.07796610169491526,0.03650793650793651,query_1,['GO:0005815'],GluCTC
25,GO:BP,GO:0019538,protein metabolic process,0.006059915995537665,True,"""The chemical reactions and pathways involving a protein. Includes protein modification."" [GOC:ma]",5462,272,105,21092,0.3860294117647059,0.01922372757231783,query_1,"['GO:0043170', 'GO:0044238', 'GO:1901564']",GluCTC
26,GO:CC,GO:0042995,cell projection,0.006199909951687936,True,"""A prolongation or process extending from a cell, e.g. a flagellum or axon."" [GOC:jl, http://www.cogsci.princeton.edu/~wn/]",2356,295,56,21690,0.18983050847457628,0.023769100169779286,query_1,['GO:0110165'],GluCTC
27,GO:CC,GO:0120025,plasma membrane bounded cell projection,0.006457194498581115,True,"""A prolongation or process extending from a cell and that is bounded by plasma membrane, e.g. a cilium, lamellipodium, or axon."" [GOC:krc]",2245,295,54,21690,0.18305084745762712,0.024053452115812918,query_1,['GO:0042995'],GluCTC
28,TF,TF:M10112_1,Factor: Miz-1; motif: NNRGGWGGGGGAGGGGMRR; match class: 1,0.006944561959386761,True,Factor: Miz-1; motif: NNRGGWGGGGGAGGGGMRR; match class: 1,4169,304,98,19943,0.3223684210526316,0.023506836171743824,query_1,['TF:M10112'],GluCTC
29,TF,TF:M04953,Factor: Sp1; motif: GGNDGGRGGCGGGG,0.007101675660115822,True,Factor: Sp1; motif: GGNDGGRGGCGGGG,8852,304,175,19943,0.5756578947368421,0.019769543605964755,query_1,['TF:M00000'],GluCTC
30,GO:CC,GO:0005829,cytosol,0.007910384207504825,True,"""The part of the cytoplasm that does not contain organelles but which does contain other particulate matter, such as protein complexes."" [GOC:hjd, GOC:jl]",5419,295,105,21690,0.3559322033898305,0.01937626868425909,query_1,"['GO:0005737', 'GO:0110165']",GluCTC
31,GO:BP,GO:0051171,regulation of nitrogen compound metabolic process,0.008377453947005085,True,"""Any process that modulates the frequency, rate or extent of the chemical reactions and pathways involving nitrogen or nitrogenous compounds."" [GOC:ai, GOC:tb]",5706,272,108,21092,0.39705882352941174,0.01892744479495268,query_1,"['GO:0006807', 'GO:0019222']",GluCTC
32,GO:BP,GO:0000226,microtubule cytoskeleton organization,0.008497165761238337,True,"""A process that is carried out at the cellular level which results in the assembly, arrangement of constituent parts, or disassembly of cytoskeletal structures comprising microtubules and their associated proteins."" [GOC:mah]",644,272,24,21092,0.08823529411764706,0.037267080745341616,query_1,"['GO:0007010', 'GO:0007017']",GluCTC
34,TF,TF:M10026_1,Factor: PATZ; motif: GGGGNGGGGGMKGGRRNGGNRN; match class: 1,0.009009376127567283,True,Factor: PATZ; motif: GGGGNGGGGGMKGGRRNGGNRN; match class: 1,5053,304,113,19943,0.3717105263157895,0.022362952701365527,query_1,['TF:M10026'],GluCTC
35,TF,TF:M07397,Factor: ZBP89; motif: CCCCKCCCCCNN,0.009216013435586805,True,Factor: ZBP89; motif: CCCCKCCCCCNN,7289,304,150,19943,0.4934210526315789,0.020578954589106874,query_1,['TF:M00000'],GluCTC
36,GO:BP,GO:0007017,microtubule-based process,0.009564064195223952,True,"""Any cellular process that depends upon or alters the microtubule cytoskeleton, that part of the cytoskeleton comprising microtubules and their associated proteins."" [GOC:mah]",931,272,30,21092,0.11029411764705882,0.0322234156820623,query_1,['GO:0009987'],GluCTC
37,GO:BP,GO:0080090,regulation of primary metabolic process,0.01027370805549829,True,"""Any process that modulates the frequency, rate or extent of the chemical reactions and pathways within a cell or an organism involving those compounds formed as a part of the normal anabolic and catabolic processes. These processes take place in most, if not all, cells of the organism."" [PMID:19211694]",5869,272,110,21092,0.40441176470588236,0.01874254557846311,query_1,"['GO:0019222', 'GO:0044238']",GluCTC
38,TF,TF:M10107_1,Factor: DB1; motif: GGRRRRGRRGGAGGGGGNGRRR; match class: 1,0.010467301520129446,True,Factor: DB1; motif: GGRRRRGRRGGAGGGGGNGRRR; match class: 1,2734,304,71,19943,0.23355263157894737,0.02596927578639356,query_1,['TF:M10107'],GluCTC
39,TF,TF:M12313,Factor: ZNF460; motif: NNACNCCCCCCNN,0.011280472298850274,True,Factor: ZNF460; motif: NNACNCCCCCCNN,5964,304,128,19943,0.42105263157894735,0.021462105969148222,query_1,['TF:M00000'],GluCTC
40,GO:BP,GO:0010648,negative regulation of cell communication,0.011850934005537385,True,"""Any process that decreases the frequency, rate or extent of cell communication. Cell communication is the process that mediates interactions between a cell and its surroundings. Encompasses interactions such as signaling or attachment between one cell and another cell, between a cell and an extracellular matrix, or between a cell and any other aspect of its environment."" [GOC:dph, GOC:tb]",1352,272,38,21092,0.13970588235294118,0.028106508875739646,query_1,"['GO:0007154', 'GO:0010646', 'GO:0048523']",GluCTC
41,TF,TF:M08441_1,Factor: AP-2gamma:Elk-1; motif: NGCCKNRGGSGRCGGAAGTG; match class: 1,0.012600937298532922,True,Factor: AP-2gamma:Elk-1; motif: NGCCKNRGGSGRCGGAAGTG; match class: 1,12977,304,234,19943,0.7697368421052632,0.01803190259690221,query_1,['TF:M08441'],GluCTC
42,GO:BP,GO:0023057,negative regulation of signaling,0.01290480423723042,True,"""Any process that stops, prevents, or reduces the frequency, rate or extent of a signaling process."" [GOC:mtg_signal]",1357,272,38,21092,0.13970588235294118,0.02800294767870302,query_1,"['GO:0023051', 'GO:0023052', 'GO:0048519']",GluCTC
43,GO:CC,GO:0098794,postsynapse,0.012925399036574263,True,"""The part of a synapse that is part of the post-synaptic cell."" [GOC:dos]",622,295,22,21690,0.07457627118644068,0.03536977491961415,query_1,"['GO:0045202', 'GO:0110165']",GluCTC
44,GO:BP,GO:0010646,regulation of cell communication,0.013520606596751432,True,"""Any process that modulates the frequency, rate or extent of cell communication. Cell communication is the process that mediates interactions between a cell and its surroundings. Encompasses interactions such as signaling or attachment between one cell and another cell, between a cell and an extracellular matrix, or between a cell and any other aspect of its environment."" [GOC:dph, GOC:tb]",3363,272,72,21092,0.2647058823529412,0.021409455842997322,query_1,"['GO:0007154', 'GO:0050794']",GluCTC
45,TF,TF:M10108_1,Factor: WT1; motif: RGGNGGGGGAGGRGGNGGRG; match class: 1,0.013812991969440785,True,Factor: WT1; motif: RGGNGGGGGAGGRGGNGGRG; match class: 1,2914,304,74,19943,0.24342105263157895,0.02539464653397392,query_1,['TF:M10108'],GluCTC
46,TF,TF:M10026,Factor: PATZ; motif: GGGGNGGGGGMKGGRRNGGNRN,0.01385492191651041,True,Factor: PATZ; motif: GGGGNGGGGGMKGGRRNGGNRN,8607,304,170,19943,0.5592105263157895,0.019751365167886604,query_1,['TF:M00000'],GluCTC
47,GO:BP,GO:0023051,regulation of signaling,0.01519462809150376,True,"""Any process that modulates the frequency, rate or extent of a signaling process."" [GOC:mtg_signal]",3374,272,72,21092,0.2647058823529412,0.02133965619442798,query_1,"['GO:0023052', 'GO:0050789']",GluCTC
48,TF,TF:M09973,Factor: CPBP; motif: GNNRGGGHGGGGNNGGGRN,0.015194903687196153,True,Factor: CPBP; motif: GNNRGGGHGGGGNNGGGRN,11087,304,207,19943,0.680921052631579,0.018670515017588166,query_1,['TF:M00000'],GluCTC
49,GO:BP,GO:0050896,response to stimulus,0.016698097172642798,True,"""Any process that results in a change in state or activity of a cell or an organism (in terms of movement, secretion, enzyme production, gene expression, etc.) as a result of a stimulus. The process begins with detection of the stimulus and ends with a change in state or activity or the cell or organism."" [GOC:ai, GOC:bf]",9000,272,152,21092,0.5588235294117647,0.016888888888888887,query_1,['GO:0008150'],GluCTC
50,GO:BP,GO:0031323,regulation of cellular metabolic process,0.01687044600407802,True,"""Any process that modulates the frequency, rate or extent of the chemical reactions and pathways by which individual cells transform chemical substances."" [GOC:mah]",5649,272,106,21092,0.3897058823529412,0.018764383076650733,query_1,"['GO:0019222', 'GO:0044237', 'GO:0050794']",GluCTC
51,TF,TF:M12351,Factor: TIEG1; motif: NCCCNSNCCCCGCCCCC,0.01718695427302533,True,Factor: TIEG1; motif: NCCCNSNCCCCGCCCCC,12580,304,228,19943,0.75,0.018124006359300476,query_1,['TF:M00000'],GluCTC
52,TF,TF:M09826,Factor: BTEB3; motif: CCNNSCCNSCCCCKCCCCC,0.017611742164294564,True,Factor: BTEB3; motif: CCNNSCCNSCCCCKCCCCC,11731,304,216,19943,0.7105263157894737,0.018412752536015684,query_1,['TF:M00000'],GluCTC
53,GO:BP,GO:0050789,regulation of biological process,0.01950591871638077,True,"""Any process that modulates the frequency, rate or extent of a biological process. Biological processes are regulated by many means; examples include the control of gene expression, protein modification or interaction with a protein or substrate molecule."" [GOC:ai, GOC:go_curators]",12361,272,194,21092,0.7132352941176471,0.015694523096836825,query_1,"['GO:0008150', 'GO:0065007']",GluCTC
55,TF,TF:M07226,Factor: SP1; motif: NCCCCKCCCCC,0.020362017180785657,True,Factor: SP1; motif: NCCCCKCCCCC,8460,304,167,19943,0.5493421052631579,0.019739952718676124,query_1,['TF:M00000'],GluCTC
56,TF,TF:M00695_1,Factor: ETF; motif: GVGGMGG; match class: 1,0.020512929547087656,True,Factor: ETF; motif: GVGGMGG; match class: 1,7194,304,147,19943,0.48355263157894735,0.02043369474562135,query_1,['TF:M00695'],GluCTC
57,GO:BP,GO:1901564,organonitrogen compound metabolic process,0.02114046077821693,True,"""The chemical reactions and pathways involving organonitrogen compound."" [GOC:pr, GOC:TermGenie]",6522,272,118,21092,0.4338235294117647,0.018092609628948174,query_1,"['GO:0006807', 'GO:0071704']",GluCTC
58,GO:CC,GO:0005815,microtubule organizing center,0.021525779950735673,True,"""An intracellular structure that can catalyze gamma-tubulin-dependent microtubule nucleation and that can anchor microtubules by interacting with their minus ends, plus ends or sides."" [GOC:vw, ISBN:0815316194, PMID:17072892, PMID:17245416, Wikipedia:Microtubule_organizing_center]",833,295,26,21690,0.08813559322033898,0.031212484993997598,query_1,"['GO:0015630', 'GO:0110165']",GluCTC
59,GO:CC,GO:0030054,cell junction,0.022783141752430038,True,"""A cellular component that forms a specialized region of connection between two or more cells, or between a cell and the extracellular matrix, or between two membrane-bound components of a cell, such as flagella."" [GOC:aruk, GOC:bc, GOC:mah, http://www.vivo.colostate.edu/hbooks/cmb/cells/pmemb/junctions_a.html, ISBN:0198506732, PMID:26820516, PMID:28096264]",2121,295,50,21690,0.1694915254237288,0.023573785950023574,query_1,['GO:0110165'],GluCTC
60,GO:BP,GO:0051716,cellular response to stimulus,0.026827972250593787,True,"""Any process that results in a change in state or activity of a cell (in terms of movement, secretion, enzyme production, gene expression, etc.) as a result of a stimulus. The process begins with detection of the stimulus by a cell and ends with a change in state or activity or the cell."" [GOC:bf, GOC:jl]",7494,272,131,21092,0.48161764705882354,0.01748065118761676,query_1,"['GO:0009987', 'GO:0050896']",GluCTC
61,TF,TF:M10529,Factor: Sp1; motif: RGGGMGGRGSNGGGG,0.026847289439768197,True,Factor: Sp1; motif: RGGGMGGRGSNGGGG,7039,304,144,19943,0.47368421052631576,0.020457451342520243,query_1,['TF:M00000'],GluCTC
62,TF,TF:M02281,Factor: SP1; motif: CCCCKCCCCC,0.026848730475402104,True,Factor: SP1; motif: CCCCKCCCCC,6607,304,137,19943,0.4506578947368421,0.020735583472075072,query_1,['TF:M00000'],GluCTC
63,GO:BP,GO:0048523,negative regulation of cellular process,0.028090720229486405,True,"""Any process that stops, prevents, or reduces the frequency, rate or extent of a cellular process, any of those that are carried out at the cellular level, but are not necessarily restricted to a single cell. For example, cell communication occurs among more than one cell, but occurs at the cellular level."" [GOC:jid]",4749,272,92,21092,0.3382352941176471,0.019372499473573383,query_1,"['GO:0009987', 'GO:0048519', 'GO:0050794']",GluCTC
64,TF,TF:M01104,Factor: MOVO-B; motif: GNGGGGG,0.029245497860833036,True,Factor: MOVO-B; motif: GNGGGGG,10486,304,197,19943,0.6480263157894737,0.01878695403395003,query_1,['TF:M00000'],GluCTC
65,GO:BP,GO:0007399,nervous system development,0.02964744117077401,True,"""The process whose specific outcome is the progression of nervous tissue over time, from its formation to its mature state."" [GOC:dgh]",2504,272,57,21092,0.20955882352941177,0.022763578274760384,query_1,['GO:0048731'],GluCTC
66,GO:BP,GO:0051246,regulation of protein metabolic process,0.03046824073557744,True,"""Any process that modulates the frequency, rate or extent of the chemical reactions and pathways involving a protein."" [GOC:ai]",2567,272,58,21092,0.21323529411764705,0.02259446825087651,query_1,"['GO:0019538', 'GO:0051171', 'GO:0060255', 'GO:0080090']",GluCTC
67,GO:BP,GO:0065007,biological regulation,0.030643114829655305,True,"""Any process that modulates a measurable attribute of any biological process, quality or function."" [GOC:dph, GOC:isa_complete, GOC:mah, GOC:pr, GOC:vw]",13096,272,202,21092,0.7426470588235294,0.015424557116676847,query_1,['GO:0008150'],GluCTC
68,GO:BP,GO:0036211,protein modification process,0.035274022334246966,True,"""The covalent alteration of one or more amino acids occurring in proteins, peptides and nascent polypeptides (co-translational, post-translational modifications). Includes the modification of charged tRNAs that are destined to occur in a protein (pre-translation modification)."" [GOC:bf, GOC:jl]",3649,272,75,21092,0.2757352941176471,0.020553576322280078,query_1,"['GO:0019538', 'GO:0043412']",GluCTC
70,TF,TF:M12160_1,Factor: KLF15; motif: RCCMCRCCCMCN; match class: 1,0.03683640768455482,True,Factor: KLF15; motif: RCCMCRCCCMCN; match class: 1,8212,304,162,19943,0.5328947368421053,0.019727228446176328,query_1,['TF:M12160'],GluCTC
71,GO:BP,GO:0009893,positive regulation of metabolic process,0.03702171014153262,True,"""Any process that activates or increases the frequency, rate or extent of the chemical reactions and pathways within a cell or an organism."" [GOC:go_curators]",3849,272,78,21092,0.2867647058823529,0.020265003897116135,query_1,"['GO:0008152', 'GO:0019222', 'GO:0048518']",GluCTC
72,TF,TF:M03893,Factor: WT1; motif: GNGGGGGCGGGG,0.03871327464493172,True,Factor: WT1; motif: GNGGGGGCGGGG,8475,304,166,19943,0.5460526315789473,0.01958702064896755,query_1,['TF:M00000'],GluCTC
73,GO:BP,GO:0006351,DNA-templated transcription,0.03913804265876602,True,"""The synthesis of an RNA transcript from a DNA template."" [GOC:jl, GOC:txnOH]",3595,272,74,21092,0.27205882352941174,0.02058414464534075,query_1,['GO:0097659'],GluCTC
74,GO:BP,GO:0097659,nucleic acid-templated transcription,0.03952265577071339,True,"""The synthesis of an RNA transcript from a nucleic acid template (DNA or RNA)."" [GOC:pr, GOC:txnOH, GOC:vw]",3596,272,74,21092,0.27205882352941174,0.020578420467185762,query_1,"['GO:0010467', 'GO:0032774']",GluCTC
75,TF,TF:M00986,Factor: Churchill; motif: CGGGNN,0.04053441852371598,True,Factor: Churchill; motif: CGGGNN,14459,304,252,19943,0.8289473684210527,0.0174285911888789,query_1,['TF:M00000'],GluCTC
76,TF,TF:M02281_1,Factor: SP1; motif: CCCCKCCCCC; match class: 1,0.04075196312216525,True,Factor: SP1; motif: CCCCKCCCCC; match class: 1,2630,304,67,19943,0.22039473684210525,0.02547528517110266,query_1,['TF:M02281'],GluCTC
77,GO:BP,GO:0010604,positive regulation of macromolecule metabolic process,0.04090423155274671,True,"""Any process that increases the frequency, rate or extent of the chemical reactions and pathways involving macromolecules, any molecule of high relative molecular mass, the structure of which essentially comprises the multiple repetition of units derived, actually or conceptually, from molecules of low relative molecular mass."" [GOC:dph, GOC:tb]",3535,272,73,21092,0.26838235294117646,0.02065063649222065,query_1,"['GO:0009893', 'GO:0043170', 'GO:0060255']",GluCTC
78,TF,TF:M09973_1,Factor: CPBP; motif: GNNRGGGHGGGGNNGGGRN; match class: 1,0.04398351321283473,True,Factor: CPBP; motif: GNNRGGGHGGGGNNGGGRN; match class: 1,6788,304,139,19943,0.45723684210526316,0.020477312905126693,query_1,['TF:M09973'],GluCTC
79,HP,HP:0000414,Bulbous nose,0.045671793476481114,True,Increased volume and globular shape of the anteroinferior aspect of the nose.,159,88,12,4756,0.13636363636363635,0.07547169811320754,query_1,"['HP:0000436', 'HP:0005105']",GluCTC
80,GO:CC,GO:0045202,synapse,0.04627859078202296,True,"""The junction between an axon of one neuron and a dendrite of another neuron, a muscle fiber or a glial cell. As the axon approaches the synapse it enlarges into a specialized structure, the presynaptic terminal bouton, which contains mitochondria and synaptic vesicles. At the tip of the terminal bouton is the presynaptic membrane; facing it, and separated from it by a minute cleft (the synaptic cleft) is a specialized area of membrane on the receiving cell, known as the postsynaptic membrane. In response to the arrival of nerve impulses, the presynaptic terminal bouton secretes molecules of neurotransmitters into the synaptic cleft. These diffuse across the cleft and transmit the signal to the postsynaptic membrane."" [GOC:aruk, ISBN:0198506732, PMID:24619342, PMID:29383328, PMID:31998110]",1341,295,35,21690,0.11864406779661017,0.02609992542878449,query_1,['GO:0030054'],GluCTC
81,GO:BP,GO:0032774,RNA biosynthetic process,0.04753552197254752,True,"""The chemical reactions and pathways resulting in the formation of RNA, ribonucleic acid, one of the two main type of nucleic acid, consisting of a long, unbranched macromolecule formed from ribonucleotides joined in 3',5'-phosphodiester linkage. Includes polymerization of ribonucleotide monomers. Refers not only to transcription but also to e.g. viral RNA replication."" [GOC:mah, GOC:txnOH]",3615,272,74,21092,0.27205882352941174,0.020470262793914246,query_1,"['GO:0009059', 'GO:0016070', 'GO:0034654']",GluCTC
83,TF,TF:M09760_1,Factor: DPF2; motif: NYCACYTCCYCNYYCY; match class: 1,0.04830201116614271,True,Factor: DPF2; motif: NYCACYTCCYCNYYCY; match class: 1,3072,304,75,19943,0.24671052631578946,0.0244140625,query_1,['TF:M09760'],GluCTC
84,TF,TF:M10108,Factor: WT1; motif: RGGNGGGGGAGGRGGNGGRG,0.04916249050864567,True,Factor: WT1; motif: RGGNGGGGGAGGRGGNGGRG,6678,304,137,19943,0.4506578947368421,0.020515124288709195,query_1,['TF:M00000'],GluCTC
